CODIGO,MUNICIPIO,OBS_REGISTROS,AÑOS_PRESENTES,NOTA_PANEL,PROM_AUTONOMIA_FISCAL,PROM_DEPENDENCIA_FCM,PROM_TRANSFERENCIAS_SOBRE_INGRESOS,PROM_IMPUESTOS_SOBRE_INGRESOS,PROM_GASTO_CORRIENTE_SOBRE_GASTO_TOTAL,PROM_SERV_COMUNITARIOS_SOBRE_GASTO_TOTAL,PROM_DISPONIBILIDAD_PRESUP_X_HAB,PROM_IPPP,GRUPO_FIGEM_MODAL_2016_2024,CAMBIOS_GRUPO_FIGEM_2016_2024,GRUPO_FIGEM_2024,MONTO_FIGEM_PROM_2016_2024,MONTO_FIGEM_2024,NOTA_MATCH_FIGEM,LOG_PROM_DISPONIBILIDAD_PRESUP_X_HAB,LOG_PROM_IPPP,CLUSTER_FINAL,Z_PROM_DEPENDENCIA_FCM,Z_PROM_TRANSFERENCIAS_SOBRE_INGRESOS,Z_PROM_GASTO_CORRIENTE_SOBRE_GASTO_TOTAL,Z_PROM_SERV_COMUNITARIOS_SOBRE_GASTO_TOTAL,Z_LOG_PROM_DISPONIBILIDAD_PRESUP_X_HAB,Z_LOG_PROM_IPPP,DISTANCIA_CENTROIDE,NOMBRE_CLUSTER
1101,IQUIQUE,9,9,OK,0.4847199166051424,0.05910007815893264,0.3944661424679101,0.3124859170197106,0.8429389650526021,0.236866141130717,343.1733333333333,164.9244444444444,2,0,2,15938726.125,0,,5.841145406439521,5.111532530793413,4,-2.141514049563299,1.793504101303688,0.8733175729406505,-0.21574339027569722,-0.23367964024229002,0.7553825618444848,2.1036487425418597,Alta transferencia y orientación a servicios comunitarios
1107,ALTO HOSPICIO,9,9,OK,0.2491557784075152,0.5168427649689249,0.1210433839439826,0.1355260736184913,0.7712443516473704,0.3286731112504307,149.2333333333333,36.54888888888889,2,0,2,83715645.33333333,130257366,,5.012189641028493,3.6256437875962844,1,0.25703613294046723,-0.4542733547181377,-0.07551585962389579,0.49037048530473987,-1.382365173216643,-1.1087698093885878,1.2820678222922512,Dependencia fiscal intermedia y operación corriente alta
1401,POZO ALMONTE,9,9,OK,0.4165832301816814,0.2299090071561846,0.4054034844554227,0.2081140382924757,0.7888981409227415,0.4020349082829717,693.0844444444444,272.5111111111111,4,0,4,32197956.5,86127848,,6.542593630978492,5.6113422466716125,4,-1.2464832830975656,1.8834187480618885,0.15812101601199674,1.0546172168398824,0.7383184581833144,1.3824291501475396,1.5554642502805012,Alta transferencia y orientación a servicios comunitarios
1402,CAMIÑA,9,9,OK,0.04511223180118266,0.7347222246789262,0.2498966520362802,0.003459299109759111,0.7311262548471157,0.1383518909017164,1949.615555555556,85.99666666666667,5,0,5,30008681.66666667,0,,7.575900271260323,4.465869803744332,3,1.3987142698282629,0.6050147335016908,-0.6064538155870512,-0.9734448909176782,2.170173375350747,-0.05464693003765174,1.4591610370933956,Alta disponibilidad por habitante y baja escala relativa
1403,COLCHANE,9,9,OK,0.1050248542332144,0.5179872530182001,0.3283365208909583,0.03135164881604366,0.6542711282275071,0.02248180814104789,1849.084444444445,204.3622222222222,5,0,5,43116589.58146933,92584345,,7.5229865626762855,5.324775357609822,3,0.26303319657155044,1.2498599900439493,-1.623583417618557,-1.8646351033304607,2.0968507517770183,1.0229107486473064,2.3390222537422325,Alta disponibilidad por habitante y baja escala relativa
1404,HUARA,9,9,OK,0.2896465553627607,0.4261685668325145,0.4473897286103929,0.03252771629434686,0.7325819675742413,0.2516815238041451,1455.505555555555,416.6011111111111,5,0,5,57457276.88888889,0,,7.283795390711168,6.0345266972715725,3,-0.2180924070786724,2.2285828945435404,-0.5871883667882756,-0.10179401078849407,1.7654031036443378,1.9133439313965566,2.649168631737304,Alta disponibilidad por habitante y baja escala relativa
1405,PICA,9,9,OK,0.5480312633593792,0.2342039277275013,0.3061292030109919,0.2558432370630125,0.8630341703348701,0.1415765067084138,1128.037777777778,622.0933333333334,4,0,4,78194099.79322468,0,,7.029121024863343,6.434696320300729,3,-1.2239781010006925,1.0672961509590961,1.1392650646760911,-0.9486434410761687,1.4125003651927142,2.415384986004829,2.822375279972363,Alta disponibilidad por habitante y baja escala relativa
2101,ANTOFAGASTA,9,9,OK,0.4483381248295941,0.09289372599772858,0.4108287956221262,0.3041038047728961,0.4766302651649456,0.5082150298639571,273.2477777777778,121.0022222222222,1,0,1,22285154.88888889,0,,5.614031996215593,4.8040392595036145,4,-1.9644369218955928,1.9280196152254478,-3.974549297170661,1.8712791441574483,-0.5483911116551706,0.3696105358853071,4.021618646185043,Alta transferencia y orientación a servicios comunitarios
2102,MEJILLONES,8,8,REVISAR FALTANTES,0.6673171077095551,0.1945326637239569,0.135760571410092,0.4936826920837171,0.8562053158160841,0.2542918853706966,647.6375,430.49375,4,0,4,79210650.46919894,92417833,,6.474874009038151,6.067253026061689,2,-1.4318536613487587,-0.3332850274078755,1.0488894399841695,-0.08171696740038978,0.6444792531651902,1.9544014222047732,2.5275385728130497,Mayor holgura fiscal y capacidad propia
2103,SIERRA GORDA,9,9,OK,0.6938192691745831,0.1892924145261548,0.2798115988919991,0.3602260552836832,0.7718149133124533,0.2697319147991131,4447.776666666668,3135.375555555556,4,0,4,0.0,0,,8.400384430999562,8.050823130535921,2,-1.4593123210541639,0.8509421153457718,-0.0679648323227164,0.03703675036808424,3.312662596098712,4.442930210575917,4.348790865620269,Mayor holgura fiscal y capacidad propia
2104,TALTAL,9,9,OK,0.5212318248033235,0.3263280520820195,0.4059746690479613,0.1399054545552662,0.5796306257036711,0.1148638378619971,448.5911111111111,232.6933333333333,3,0,3,14068527.875,0,,6.108338527723699,5.454009714536865,2,-0.7412520156896869,1.888114391750316,-2.611403852854574,-1.1540982785644807,0.13657036070584708,1.185044376762671,2.7540951510783303,Mayor holgura fiscal y capacidad propia
2201,CALAMA,9,9,OK,0.385839328192392,0.1300929740821197,0.4409100591111654,0.2312729355507908,0.8109389075789453,0.3302239493929586,279.2111111111111,106.1277777777778,2,0,2,99983216.85944638,128743797,,5.635543287331942,4.674022306829395,4,-1.769514608873788,2.1753142672300565,0.4498167974587235,0.5022984285729952,-0.5185828758819411,0.20649508613323214,1.2813621747011597,Alta transferencia y orientación a servicios comunitarios
2202,OLLAGÜE,9,9,OK,0.2388256764317867,0.5774476475318784,0.1944771836133022,0.1586126139174862,0.8511602563607477,0.1839012591027055,10666.00777777778,2546.094444444444,5,0,5,65203761.54381184,92257545,,9.274910871769098,7.84270855495333,3,0.5746028714612544,0.14941757539247633,0.9821212289131026,-0.6231115679825999,4.52449549796341,4.181835777135566,4.3225996876858055,Alta disponibilidad por habitante y baja escala relativa
2203,SAN PEDRO DE ATACAMA,9,9,OK,0.2738342473124697,0.4420591451002074,0.3486954234091973,0.1090647872998966,0.7630327163491282,0.3256085636721086,1210.971111111111,299.21,4,0,4,42312031.2829129,0,,7.1000033306282795,5.704482229770474,3,-0.13482652320473432,1.417228216291432,-0.18419172433580142,0.4668001663561027,1.510722107019523,1.4992798370817206,2.136512346546255,Alta disponibilidad por habitante y baja escala relativa
2301,TOCOPILLA,9,9,OK,0.3326990532797651,0.4684585888828262,0.2104474045314341,0.154495163986273,0.8395099067657864,0.1911902788573642,268.0133333333333,83.98111111111112,3,0,3,13637146.25,0,,5.594760944668391,4.442429009573078,1,0.0035053224530914,0.2807069484543884,0.8279361280843506,-0.5670496155901722,-0.5750950433257571,-0.08405506186312607,1.1872689795835494,Dependencia fiscal intermedia y operación corriente alta
2302,MARÍA ELENA,9,9,OK,0.5691972156156289,0.2086996306569819,0.3755100051579862,0.3372426586246904,0.6864219212686711,0.3325280157317272,1128.296666666667,586.2866666666666,4,0,4,46784426.40094076,88840265,,7.029350299044286,6.375513059506701,2,-1.3576194199247402,1.637667848577226,-1.198087751040434,0.5200196670578382,1.4128180708480973,2.3411354054412747,2.4704456084539603,Mayor holgura fiscal y capacidad propia
3101,COPIAPÓ,9,9,OK,0.4561268372078857,0.2950958773054664,0.1654296212044667,0.2728905344687995,0.7181419206264731,0.4950763308597243,209.3277777777778,94.60333333333334,2,0,2,71393467.0,146989896,,5.348667160423373,4.560207686952985,4,-0.9049071448024032,-0.089379137388306,-0.7782933698155228,1.7702256221659685,-0.9161076540251923,0.06370660718757015,2.2328668813258923,Alta transferencia y orientación a servicios comunitarios
3102,CALDERA,9,9,OK,0.2283568938562792,0.5969499678840727,0.09775276248152157,0.1194642336452328,0.835130220007835,0.4125308301059658,548.9733333333334,124.0177777777778,3,0,3,64707294.55555555,0,,6.309869792202604,4.828455949411902,1,0.6767941142443855,-0.6457429095667573,0.7699737091140951,1.1353443776051217,0.4158326055786615,0.4002429978368397,1.794925222280933,Dependencia fiscal intermedia y operación corriente alta
3103,TIERRA AMARILLA,9,9,OK,0.6339409747253223,0.2080009533440247,0.19298533599954,0.4625597320554359,0.7431625139864717,0.1874471159166696,580.6688888888889,364.1166666666667,4,0,4,57943631.33333334,88980822,,6.365901366400471,5.900216937213399,2,-1.3612804562335523,0.13715326552983834,-0.44716144295256566,-0.5958393609388795,0.4934756612837573,1.7448428515960126,1.1034229498960233,Mayor holgura fiscal y capacidad propia
3201,CHAÑARAL,9,9,OK,0.3282586687759629,0.3581566011734048,0.3134372737793318,0.158127044959741,0.6231496011603036,0.4495885058271132,488.6388888888889,158.5977777777778,3,0,3,86555965.16435722,0,,6.1936681579638435,5.072656761220639,4,-0.5744719131740089,1.1273749710572005,-2.035457391844776,1.420365645482076,0.2548117867031728,0.7066101632618922,2.1547010169842884,Alta transferencia y orientación a servicios comunitarios
3202,DIEGO DE ALMAGRO,9,9,OK,0.4839349247613343,0.2573164281516259,0.4329835277485357,0.1877728423896556,0.6265825300777471,0.1463332277250117,489.9,237.2211111111111,4,0,4,63982002.44444445,89642826,,6.196240441064007,5.473199280664492,2,-1.1028696841808865,2.110151152800393,-1.9900247216094646,-0.9120581283520357,0.25837620413913476,1.2091190427587124,2.604690650136788,Mayor holgura fiscal y capacidad propia
3301,VALLENAR,9,9,OK,0.3418438858457672,0.4461203719864884,0.1716984221753393,0.1435656891111297,0.8121163372378228,0.2932453977850361,226.5166666666667,76.90444444444444,3,0,3,117302895.0832985,121490850,,5.427223495780877,4.355483004451341,1,-0.1135458850427924,-0.03784403630643301,0.4653993436469785,0.2178857270627148,-0.8072519952387381,-0.1931349659669733,0.8135883854235367,Dependencia fiscal intermedia y operación corriente alta
3302,ALTO DEL CARMEN,9,9,OK,0.2358209244435675,0.4924547722764494,0.3424438208605476,0.05674800808671918,0.5861382177277891,0.3577401453006388,722.9188888888889,168.3055555555555,5,0,5,33007399.1647044,0,,6.584679354188248,5.131705103459262,4,0.12924419653380417,1.365834501486109,-2.52527993663965,0.7139334243501896,0.7966367224538324,0.7806904789688857,2.898236337747321,Alta transferencia y orientación a servicios comunitarios
3303,FREIRINA,9,9,OK,0.2125262261482034,0.5325271556194865,0.2937480374229937,0.07911108639063161,0.7780671164514648,0.2393880245520913,475.1777777777778,100.9266666666667,4,0,4,17645302.55555556,0,,6.1657912672305315,4.624253600464359,1,0.33922160338356083,0.9655119942992179,0.014779171497327138,-0.19634685781082414,0.21618272780063333,0.14405672901642608,1.6789835483618647,Dependencia fiscal intermedia y operación corriente alta
3304,HUASCO,9,9,OK,0.3773105428716108,0.419653913187956,0.1399492351787857,0.2482301438304222,0.7646781439610637,0.2692999732044776,418.4188888888889,155.7788888888889,4,0,4,46147839.29290437,87570583,,6.038870155338453,5.054836461663699,1,-0.2522288862368655,-0.298850498106244,-0.16241551752030653,0.033714563032909636,0.04030790897099446,0.6842533388850718,1.468058447712557,Dependencia fiscal intermedia y operación corriente alta
4101,LA SERENA,9,9,OK,0.3448231629393344,0.1638840327909228,0.3956792744303427,0.2445077691652909,0.8405282112648105,0.3036128591389484,297.6388888888889,102.0433333333333,2,0,2,0.0,0,,5.699235114029118,4.635149611729277,4,-1.5924510481256537,1.8034771214394525,0.8414127521613055,0.29762486132447685,-0.4303249941607382,0.1577265446937264,1.4469579555241456,Alta transferencia y orientación a servicios comunitarios
4102,COQUIMBO,9,9,OK,0.4738992271544447,0.363053601850997,0.1361807630781397,0.2207696236528097,0.7793588868985961,0.3744333547304241,214.1244444444445,103.4144444444444,2,0,2,99270619.82386377,0,,5.3712166720504815,4.648368022625678,1,-0.5488118595949653,-0.3298306794093963,0.03187494660820379,0.8423257108069944,-0.884860754175412,0.1743099747313206,1.488844611153788,Dependencia fiscal intermedia y operación corriente alta
4103,ANDACOLLO,9,9,OK,0.2852559062385884,0.5274837129227932,0.1313299523693652,0.1817012724258559,0.8316277459804113,0.3503266135169991,356.8288888888889,99.05444444444444,3,0,3,52324086.0,0,,5.8800549081419815,4.605714482276432,1,0.3127942005015953,-0.3697086435316052,0.7236206527816086,0.6569138140454541,-0.17976267197234172,0.12079809589949916,1.0386532617124102,Dependencia fiscal intermedia y operación corriente alta
4104,LA HIGUERA,9,9,OK,0.3368675945267451,0.3379372462729257,0.1558594444004822,0.1516341219403013,0.6714484077737334,0.06774535558496504,1186.348888888889,384.8977777777778,5,0,5,35849103.875,93981918,,7.079478276349654,5.955572509982753,2,-0.6804203833169816,-0.16805447438757362,-1.396252850650505,-1.5165001102415179,1.4822805014512452,1.8142903271969946,1.5363622929364245,Mayor holgura fiscal y capacidad propia
4105,PAIGUANO,9,9,OK,0.156785670545826,0.6254868551345762,0.1560040670542389,0.08343213994947701,0.7915590862529572,0.259917466700933,902.3588888888888,160.0844444444444,4,0,4,36390840.22222222,85477340,,6.806119915088377,5.081928727137531,3,0.8263260632959208,-0.1668655479701119,0.19333696560174635,-0.03844899950746798,1.1034873160962815,0.7182424993497052,1.250503826481646,Alta disponibilidad por habitante y baja escala relativa
4106,VICUÑA,9,9,OK,0.230085643391712,0.5929482061452601,0.1356051929248014,0.0915099252975705,0.8183347927262751,0.4382329277962568,309.5344444444444,70.54222222222222,4,0,4,32453212.875,87819332,,5.73829482740924,4.270287796001809,1,0.6558250706625929,-0.33456237629526353,0.5476967183884875,1.3330266209791606,-0.37619987729201965,-0.30001837199316805,1.4122999098976918,Dependencia fiscal intermedia y operación corriente alta
4201,ILLAPEL,9,9,OK,0.2245492647484918,0.5836158419733466,0.1280044884235018,0.1047188055627446,0.7977850137107044,0.4127067344803778,244.5777777777778,54.80555555555556,3,0,3,0.0,0,,5.503613710818462,4.021873426358824,1,0.606923920665572,-0.3970469050891962,0.27573322719036175,1.136697308862799,-0.7013979333745749,-0.6116717433094778,1.2008194289084566,Dependencia fiscal intermedia y operación corriente alta
4202,CANELA,9,9,OK,0.2609045241541479,0.5591948822185508,0.157116825994235,0.1189812137735283,0.7682718779895055,0.2862235491525991,399.7922222222222,103.1722222222222,5,0,5,39091070.77777778,0,,5.993443143949185,4.646045512419508,1,0.47895923840054055,-0.15771768305640504,-0.11485469206948422,0.16387866479800997,-0.022640384492215997,0.17139622164727109,0.9197195127600957,Dependencia fiscal intermedia y operación corriente alta
4203,LOS VILOS,9,9,OK,0.2077627359139633,0.6408754137199292,0.1008900862031818,0.1142884397612713,0.8603469113993694,0.3730688339572079,429.53,87.81222222222222,4,0,4,31695247.375,0,,6.06501700785095,4.4865242781645716,1,0.9069613876101015,-0.6199513274327001,1.1037008709541842,0.8318307881423065,0.07653965072023838,-0.028734433127407512,1.4894417747193796,Dependencia fiscal intermedia y operación corriente alta
4204,SALAMANCA,9,9,OK,0.3683701988879678,0.351072427138206,0.2272799481784249,0.222103197355764,0.6455140357558627,0.1801824810092129,318.4555555555555,114.2444444444445,5,0,5,0.0,0,,5.766618157899026,4.74705547632829,2,-0.6115926524335041,0.4190853787703794,-1.739478067362901,-0.651713762441208,-0.3369521859955646,0.2981203553354842,1.9589333652759868,Mayor holgura fiscal y capacidad propia
4301,OVALLE,9,9,OK,0.2760158420775156,0.5537387057673535,0.09789345599939812,0.1639787586196609,0.792772429819089,0.4552556166266113,219.3344444444444,60.46666666666667,3,0,3,85193727.97827289,0,,5.395146594035208,4.1184950224543835,1,0.450369130027658,-0.6445862841292896,0.2093948099229896,1.4639530284962343,-0.8517010171471873,-0.49045312697733584,1.54277128716569,Dependencia fiscal intermedia y operación corriente alta
4302,COMBARBALÁ,9,9,OK,0.1141399515329021,0.6734684194159511,0.1867551997530418,0.04025936041685817,0.8078007833586568,0.4012634635527059,335.8055555555555,37.90777777777778,5,0,5,79283930.51401657,0,,5.8195057773495735,3.661194173511953,1,1.077747206833884,0.08593602275742464,0.40828568327416787,1.0486838130081932,-0.26366571418222906,-1.0641693394635308,1.5068997683219354,Dependencia fiscal intermedia y operación corriente alta
4303,MONTE PATRIA,9,9,OK,0.1457081726696435,0.7105811173199102,0.1087521626611924,0.05929570160985419,0.8627701735944586,0.3644278226959946,243.5188888888889,35.62777777777777,5,0,5,78875742.84263135,93021179,,5.499292561100179,3.600806908223089,1,1.2722160009747696,-0.5553180894563169,1.1357712326921647,0.7653702792873329,-0.7073857585087024,-1.1399294287002937,1.6457590652912535,Dependencia fiscal intermedia y operación corriente alta
4304,PUNITAQUI,9,9,OK,0.1634233024444916,0.5935943385691654,0.160318385018456,0.08658293091960145,0.7788342695282225,0.2772749667124218,342.3544444444444,55.97111111111111,5,0,5,42252115.71171588,0,,5.83876327933836,4.042544316744472,1,0.6592107742203714,-0.13139802979265724,0.024931963353645694,0.09505253733137836,-0.23698055815972988,-0.585738651411229,0.5388544893537034,Dependencia fiscal intermedia y operación corriente alta
4305,RÍO HURTADO,8,8,REVISAR FALTANTES,0.1400884241308934,0.5638372757326924,0.2067807545796325,0.06821709319588878,0.7292599414990336,0.1590223090632872,721.37375,100.58375,5,0,5,68572589.75,94497785,,6.5825426642332605,4.620883581407583,3,0.5032851623998913,0.25056383547697364,-0.6311533071693927,-0.8144627454563621,0.793675907242506,0.1398288020975691,1.5675350246534525,Alta disponibilidad por habitante y baja escala relativa
5101,VALPARAÍSO,9,9,OK,0.3058246083176236,0.2376152118011501,0.3772055026495474,0.1975936507609144,0.8463413493543195,0.6475793434565369,287.0322222222222,85.70555555555556,1,0,1,0.0,0,,5.663072356593591,4.462517959652343,4,-1.2061031326545157,1.651606340964791,0.9183460042630324,2.9431702593978692,-0.48043579383417356,-0.05885205517955156,2.208717269999152,Alta transferencia y orientación a servicios comunitarios
5102,CASABLANCA,9,9,OK,0.6403642973303728,0.176240332670087,0.07013334567694693,0.5321468376900572,0.7491686499608287,0.1580538475356676,366.0244444444445,231.6344444444445,4,0,4,89476483.8653373,88892962,,5.905428451952134,5.449468313577053,2,-1.5277046170318394,-0.8727989994728956,-0.36767398437896726,-0.821911462277387,-0.14460250551815057,1.1793468685160313,1.5154700006635968,Mayor holgura fiscal y capacidad propia
5103,CONCÓN,9,9,OK,0.6679509508952645,0.1203897685005335,0.05912238082758815,0.5074455128210551,0.7477935621254748,0.4078288625851254,321.9744444444444,215.7388888888889,2,0,2,129924433.3100203,132493879,,5.777573200725509,5.378693352011694,2,-1.8203589504421458,-0.9633188914198986,-0.38587241308827636,1.099180189802555,-0.3217717629465051,1.0905546806553752,2.3049109232017253,Mayor holgura fiscal y capacidad propia
5104,JUAN FERNÁNDEZ,9,9,OK,0.03016825395736489,0.6895002995309384,0.1447007739274047,0.008842025387264469,0.9102550201564854,0.3033905764863534,2371.266666666667,73.14777777777778,5,0,5,32290985.25,88339235,,7.771601176508044,4.306060098853367,3,1.1617535057518675,-0.25978863749808506,1.7642035209533196,0.2959152213582141,2.4413564806839703,-0.25513949159885574,2.4421109388848277,Alta disponibilidad por habitante y baja escala relativa
5105,PUCHUNCAVÍ,9,9,OK,0.4857733981767348,0.2111466911588155,0.11500802517465,0.3679333555762689,0.745129502807095,0.2140614328224044,511.3122222222221,251.8844444444445,4,0,4,67585127.36233711,0,,6.238934248209315,5.5329326430631225,2,-1.3447969378132845,-0.503889353963944,-0.4211295743665793,-0.39114097658168806,0.3175370914406367,1.2840587646369064,1.1006046925900246,Mayor holgura fiscal y capacidad propia
5107,QUINTERO,9,9,OK,0.2321920207688174,0.6591656685942922,0.02483505609376994,0.159753268251339,0.7380000111402567,0.1917542175584616,425.3277777777778,96.44999999999999,3,0,3,76823558.44444445,0,,6.0552084818120155,4.579339425953569,1,1.002801464210067,-1.2451910954018932,-0.5154839439543072,-0.5627122004538005,0.06294795809820816,0.08770872496861827,1.6120624077003858,Dependencia fiscal intermedia y operación corriente alta
5109,VIÑA DEL MAR,9,9,OK,0.7658930366102807,0.08302026924043075,0.1359368395621585,0.3571627429348012,0.7016390872958603,0.4843142212440284,283.8855555555555,216.5288888888889,1,0,1,0.0,0,,5.652087540167871,5.382331664186265,2,-2.0161733716293924,-0.3318359469415362,-0.9966980623357458,1.6874511343438425,-0.49565747421460565,1.0951192002390686,2.6071003836767286,Mayor holgura fiscal y capacidad propia
5201,ISLA DE PASCUA,9,9,OK,0.01589119827189547,0.9407844022278226,0.03496497864844778,0.0,0.8526398137553178,0.3375126292699849,1645.237777777778,22.37555555555555,5,0,5,70094749.09294005,122901722,,7.406247828749158,3.1516908419749083,1,2.4784704031516793,-1.1619141521343515,1.001702246993658,0.5583577668685634,1.935085672872785,-1.7033772532352591,3.620838864659833,Dependencia fiscal intermedia y operación corriente alta
5301,LOS ANDES,9,9,OK,0.3514802380016015,0.4682454415308646,0.08195533632893548,0.243142229951639,0.8190573956651819,0.4872326618778809,211.4744444444444,73.9688888888889,3,0,3,0.0,0,,5.358821719694577,4.317073212662031,1,0.002388440338577365,-0.7756117564785814,0.5572599169935049,1.7098977026592312,-0.9020364625150175,-0.24132276250990203,1.882831527801893,Dependencia fiscal intermedia y operación corriente alta
5302,CALLE LARGA,9,9,OK,0.2787499785041947,0.2964281661081496,0.08929233714576165,0.2243336027340553,0.5903295050022033,0.1714644648871122,502.68,151.8333333333333,4,0,4,88233802.66478544,91539333,,6.221941145788984,5.029348003028409,2,-0.8979260140429073,-0.715295105736312,-2.4698108671717853,-0.7187665378821374,0.293989718076381,0.6522762673704057,1.5834042891690723,Mayor holgura fiscal y capacidad propia
5303,RINCONADA,7,7,REVISAR FALTANTES,0.5454694916147312,0.174499062463842,0.5015501904185607,0.06981744605490936,0.6869359623222933,0.168305991135854,775.1514285714286,393.88,3,0,3,31912385.57142857,0,,6.654347641057537,5.978581921276969,2,-1.5368287911395322,2.6738299022079626,-1.1912847387327918,-0.7430592701061921,0.8931761960579266,1.8431572587362282,3.042956018723978,Mayor holgura fiscal y capacidad propia
5304,SAN ESTEBAN,9,9,OK,0.2652770170614887,0.5110196081780638,0.1406872883732123,0.1519931399290985,0.7927126069594057,0.1840150187072631,253.78,67.34666666666666,4,0,4,10955982.75,0,,5.540400427681641,4.224592793387706,1,0.22652306482177187,-0.29278304658635973,0.2086030917365993,-0.6222366100665079,-0.6504225119714742,-0.35734598004361856,0.6855975343255125,Dependencia fiscal intermedia y operación corriente alta
5401,LA LIGUA,9,9,OK,0.2783727104438739,0.5432046177104909,0.06406500457948879,0.1588811059943831,0.7961819559548219,0.2194825834689228,251.1,69.5988888888889,4,0,4,0.0,0,,5.529825834193874,4.25701440625763,1,0.3951710033085158,-0.9226861426937241,0.25451775895823575,-0.3494453440155881,-0.6650757456702112,-0.31667077687825534,0.6717183610327392,Dependencia fiscal intermedia y operación corriente alta
5402,CABILDO,9,9,OK,0.2276145663693247,0.5592926863995544,0.1331301164254616,0.128592050404152,0.8103638829432097,0.2000038547489716,251.0766666666667,57.15777777777777,4,0,4,0.0,0,,5.529733274046241,4.063159623722556,1,0.4794717277159475,-0.3549096991998363,0.44220670552824204,-0.49926186241162734,-0.6652040064374947,-0.5598752928234221,0.5882234977248993,Dependencia fiscal intermedia y operación corriente alta
5403,PAPUDO,9,9,OK,0.465231659988086,0.2292192348171523,0.05030078684454285,0.2974934891862319,0.7570103063952446,0.1549848338896572,996.2222222222222,464.8755555555556,4,0,4,39498673.22222222,90640022,,6.9049736360202605,6.143918550297892,2,-1.2500976577612044,-1.0358402140351548,-0.2638945588647518,-0.8455161310402036,1.2404690995076493,2.0505837369649194,1.6064434821603475,Mayor holgura fiscal y capacidad propia
5404,PETORCA,9,9,OK,0.2214674993275826,0.4251405325266742,0.1731722125360661,0.1399742115301818,0.7033392566224146,0.2820279309545005,473.0666666666667,107.5066666666667,5,0,5,45617699.875,94798085,,6.161347958781308,4.686811615025325,1,-0.2234792585630235,-0.02572817307095146,-0.9741973831154334,0.1316089556195882,0.210025627087744,0.22254017652713107,1.7220463304878797,Dependencia fiscal intermedia y operación corriente alta
5405,ZAPALLAR,9,9,OK,0.7089614433016105,0.06634528226503396,0.01733174326474294,0.6282684866564365,0.7037081718597171,0.237409995982123,2587.977777777778,1828.152222222222,4,0,4,54572279.03924435,89233119,,7.859018396392097,7.511607871949134,2,-2.1035495202945227,-1.3068749783149913,-0.9693150203505121,-0.21156044581757202,2.562490683501004,3.7664465858754514,3.211006181935451,Mayor holgura fiscal y capacidad propia
5501,QUILLOTA,9,9,OK,0.3505466154488188,0.4517737012538576,0.05894550805036422,0.2034286030907189,0.8329365199105785,0.378035546003371,189.2755555555556,65.9588888888889,2,0,2,82655605.72741362,136116121,,5.248473313899846,4.204078832388957,1,-0.08392270517180336,-0.9647729424410141,0.7409414583711799,0.8700312024162463,-1.0549464519404963,-0.3830821929426538,1.3683969551907496,Dependencia fiscal intermedia y operación corriente alta
5502,CALERA,9,9,OK,0.3295909252060672,0.5095977014816552,0.08141578696154106,0.2056768277774816,0.8185492732102224,0.4567409572792104,201.3788888888889,64.75888888888889,2,0,2,78413270.56289509,0,,5.310141628064628,4.185994854146675,1,0.21907234050776456,-0.7800473305726592,0.5505352336427871,1.4753772116862065,-0.9694925552673997,-0.4057698208528979,1.6435972882202248,Dependencia fiscal intermedia y operación corriente alta
5503,HIJUELAS,9,9,OK,0.3250134919607059,0.4594909538873332,0.09455343042064801,0.231399438325725,0.8080461847409498,0.201772399994674,263.7411111111111,86.23555555555555,3,0,3,90729951.15006055,119725276,,5.578752409266736,4.468611995005374,1,-0.043484663787792914,-0.6720442552176538,0.411533417306864,-0.4856594710468552,-0.5972781003563947,-0.05120665742972599,0.8287424214957595,Dependencia fiscal intermedia y operación corriente alta
5504,LA CRUZ,9,9,OK,0.3147934882631949,0.4241595588415153,0.0554540397109668,0.1766084210211576,0.7810367693903012,0.165543459991052,225.5411111111111,70.81444444444445,2,0,2,43477481.33333334,141115357,,5.422926434462187,4.274085631927448,1,-0.22861951460505178,-0.993475907271298,0.05408067348821392,-0.7643066935918404,-0.8132064410331242,-0.29525371859718097,1.214565211431985,Dependencia fiscal intermedia y operación corriente alta
5506,NOGALES,9,9,OK,0.2732954725044759,0.4878828166265994,0.1108749699080433,0.1741846596398215,0.8300081592283424,0.2523847270144282,248.5433333333333,68.14111111111112,4,0,4,19462150.75,0,,5.51963258080555,4.236149504817216,1,0.1052873636354582,-0.5378667320831755,0.7021864336079052,-0.09638547216134913,-0.679200555689843,-0.3428472693470004,0.5941611212998921,Dependencia fiscal intermedia y operación corriente alta
5601,SAN ANTONIO,9,9,OK,0.3935038632450725,0.4093459460525326,0.1387280687136065,0.2598566844655126,0.8201073705597274,0.2804810741195084,234.8977777777778,92.07444444444444,2,0,2,99025111.29423118,129581002,,5.463398566181797,4.5333996508389465,1,-0.3062421499466918,-0.3088895689769283,0.5711556789758898,0.11971163373542082,-0.75712413346645,0.030074032528878258,0.9571325928649874,Dependencia fiscal intermedia y operación corriente alta
5602,ALGARROBO,8,8,REVISAR FALTANTES,0.6460069844278329,0.1477745843377089,0.04025139013213878,0.421266735314382,0.8080012826916749,0.09732820085147899,741.44625,469.6275,4,0,4,32016019.875,0,,6.60995047748414,6.154066910625042,2,-1.6768638014932031,-1.1184551634954973,0.41093916672764885,-1.2889699184206127,0.8316549646125181,2.063315571736936,2.2329423212312416,Mayor holgura fiscal y capacidad propia
5603,CARTAGENA,9,9,OK,0.1021777571737266,0.6910032200549738,0.09254220880369415,0.05073025882690483,0.8337082735066113,0.2435130423850294,614.2077777777778,61.16444444444445,2,0,2,78726875.78033492,130061928,,6.42196006079321,4.129783203574884,1,1.1696287387180913,-0.6885782797957761,0.7511551352269137,-0.16462015639527555,0.5711562974929052,-0.47629130651868434,1.4268396752204213,Dependencia fiscal intermedia y operación corriente alta
5604,EL QUISCO,9,9,OK,0.148559306712835,0.7813060680551863,0.03340657718230309,0.06846469835694065,0.8131491606713896,0.5166625963951144,949.2944444444444,140.5744444444445,3,0,3,120319431.7291189,125717703,,6.856771878093103,4.952825687884414,1,1.642811421462792,-1.1747255936615382,0.4790681167550121,1.9362518138225178,1.1736758346494172,0.5562736185307691,3.1190382317135077,Dependencia fiscal intermedia y operación corriente alta
5605,EL TABO,9,9,OK,0.1275991436089038,0.8102850678591635,0.02223872904082067,0.06281704109431019,0.7433663172724917,0.1320686437060243,954.2644444444444,119.81,2,0,2,0.0,0,,6.861988207326996,4.7942190635314725,3,1.7946600195321667,-1.266535205342062,-0.44446423374454214,-1.021771156590042,1.1809041116893053,0.3572904064736979,2.164930067928945,Alta disponibilidad por habitante y baja escala relativa
5606,SANTO DOMINGO,9,9,OK,0.7342932801029914,0.08376899464754753,0.03571615662711408,0.6705252731794027,0.6808157737395386,0.1533177037432227,1546.3,1120.934444444444,2,0,2,146190824.5083862,147362579,,7.344266755495627,7.022809656964325,2,-2.012250085657528,-1.1557388032532947,-1.2722816123485952,-0.8583385096380467,1.8491983853535865,3.153214703145226,2.289251184693018,Mayor holgura fiscal y capacidad propia
5701,SAN FELIPE,9,9,OK,0.347156585086525,0.4717794919736369,0.0674103391024288,0.2041330592132942,0.8624490831634534,0.3127931179774651,188.28,64.27888888888889,3,0,3,14673158.5,0,,5.243227400230077,4.17866868981383,1,0.020906698693642176,-0.8951845273779014,1.1315218013702837,0.36823287876415317,-1.062215724187742,-0.414961011428668,1.2732716125971755,Dependencia fiscal intermedia y operación corriente alta
5702,CATEMU,9,9,OK,0.2104698699993046,0.6145196965931268,0.1043784032574264,0.1416712698442232,0.8710900220129326,0.2975598460536843,264.3588888888889,57.87,4,0,4,11351079.375,90808635,,5.581083207446163,4.07533162304017,1,0.7688586675752752,-0.5912742689598909,1.245879230467369,0.25106939257301253,-0.5940483090204681,-0.5446046600156419,1.1186950424196618,Dependencia fiscal intermedia y operación corriente alta
5703,LLAILLAY,9,9,OK,0.2602355180435592,0.5091738626833509,0.1346656136292763,0.1308700248137423,0.79657912689994,0.253831143485876,224.5922222222222,57.19222222222223,4,0,4,56462749.77777778,0,,5.418729043064267,4.0637517070135,1,0.21685144510884585,-0.3422865510129338,0.25977406836939526,-0.0852606660706397,-0.8190227740344767,-0.5591324825182535,0.41861459895466296,Dependencia fiscal intermedia y operación corriente alta
5704,PANQUEHUE,9,9,OK,0.2634264549991985,0.4212529257712926,0.1849285002571176,0.1576349972898917,0.7250049702330648,0.261562378337284,473.3566666666667,126.8933333333333,4,0,4,65061536.33601683,88257686,,6.161959500060071,4.851196583171039,1,-0.24385013539255135,0.07091893358741123,-0.6874651944925501,-0.02579750987638,0.21087304096559273,0.42877272897554225,1.6607297996465742,Dependencia fiscal intermedia y operación corriente alta
5705,PUTAENDO,9,9,OK,0.1781623906579657,0.616256530212806,0.1637380340974808,0.07168419000402088,0.7961995882018708,0.2512209866839517,270.37,48.59,5,0,5,78142996.08305365,93757377,,5.603483203339636,3.9037892005010426,1,0.7779595941777128,-0.10328548294822511,0.2547511107359578,-0.10533613455496157,-0.5630085933985389,-0.7598167445054397,0.6082971058914484,Dependencia fiscal intermedia y operación corriente alta
5706,SANTA MARÍA,9,9,OK,0.2131418996358381,0.489128377480134,0.09633884369939504,0.1617611847234389,0.7392227857437691,0.1622324040426303,309.1455555555556,67.21,4,0,4,73280189.09319618,91455435,,5.737041721332751,4.222591181666628,1,0.11181404401430849,-0.657366575351812,-0.49930128574335225,-0.7897729794844587,-0.3779363086933147,-0.3598571433142328,1.1582806892766857,Dependencia fiscal intermedia y operación corriente alta
5801,QUILPUÉ,9,9,OK,0.2070430439979522,0.3062439303897164,0.398839599672095,0.1227239679062911,0.8073645019274739,0.6053600443987781,261.5866666666667,53.25777777777778,1,0,1,0.0,0,,5.570581186271437,3.9937463513198184,4,-0.8464918701726002,1.8294577964588141,0.4025117710058406,2.618449458318278,-0.608600979131178,-0.6469591454584399,1.8985254453812535,Alta transferencia y orientación a servicios comunitarios
5802,LIMACHE,9,9,OK,0.2741515556060358,0.5032535476047696,0.09287977589611963,0.1499957477674549,0.7940920994302603,0.2516551944803844,222.1855555555556,60.74888888888889,3,0,3,76945990.76962921,126234814,,5.408003513160146,4.123075981643994,1,0.1858292721252164,-0.6858031790530835,0.22685981304590708,-0.10199651720840772,-0.8338851606037264,-0.48470599013756177,0.5141696217064005,Dependencia fiscal intermedia y operación corriente alta
5803,OLMUÉ,9,9,OK,0.3003004015054598,0.433733479154788,0.1167032208650228,0.2129317942782573,0.7892722329418151,0.2095665805575064,305.1177777777777,92.12666666666667,3,0,3,58254649.125,121981608,,5.723969922598037,4.533960573631295,1,-0.17845262177119894,-0.48995334264968504,0.16307189025057348,-0.4257121812384802,-0.39604992430834474,0.03077774978780649,0.8632870326373836,Dependencia fiscal intermedia y operación corriente alta
5804,VILLA ALEMANA,9,9,OK,0.2333891337035049,0.5732015872031885,0.06998396415848802,0.117648925264534,0.7016429220207452,0.3601070494859182,162.4622222222222,38.46111111111111,1,0,1,0.0,0,,5.096581906894768,3.6753156581075994,1,0.552353714741185,-0.8740270479767982,-0.9966473121468178,0.7321379668289999,-1.2654226547609704,-1.0464529396894373,1.8358218626354303,Dependencia fiscal intermedia y operación corriente alta
6101,RANCAGUA,9,9,OK,0.327046571068822,0.2169103530925696,0.3333023320349206,0.2233589381292231,0.8362878305531918,0.2540020675559992,267.4877777777778,85.37444444444445,1,0,1,29415181.33333333,67807760,,5.59280539253212,4.458691850164914,4,-1.3145956199518491,1.290683359687788,0.7852939617126488,-0.08394603976909312,-0.577804855527615,-0.06365217975566317,1.6988745482233267,Alta transferencia y orientación a servicios comunitarios
6102,CODEGUA,9,9,OK,0.2506526183510134,0.4618165280373707,0.1344117701657813,0.1733058508397142,0.7778064699395386,0.09803894200235153,278.7255555555556,68.80333333333334,4,0,4,74955046.99616992,91269959,,5.633808963769409,4.245681764119952,1,-0.03129876445454155,-0.34437336930736856,0.01132967769506595,-1.2835034033191701,-0.5209861312411586,-0.33088837682307604,1.373339074603713,Dependencia fiscal intermedia y operación corriente alta
6103,COINCO,9,9,OK,0.187505484019646,0.5942875850828541,0.1252222622584147,0.1270282633736823,0.814674492545922,0.2186870757411026,373.4988888888889,69.64333333333333,4,0,4,84249008.80050153,87541973,,5.925588836034018,4.257643742800373,1,0.6628433533960563,-0.41991927052504385,0.49925493149006417,-0.3555638232989457,-0.11666622411405869,-0.31588122973764393,0.6360551758536923,Dependencia fiscal intermedia y operación corriente alta
6104,COLTAUCO,9,9,OK,0.1562991485374444,0.6030039359198672,0.1645988882397139,0.09126255385865417,0.83922977983327,0.1947524934700924,251.2433333333333,38.15111111111111,4,0,4,66836140.66666666,88359271,,5.530394230077071,3.6674288029053757,1,0.7085166224472406,-0.096208498778068,0.824228823081797,-0.5396515960001251,-0.6642881184465709,-1.0563475565603901,1.0976405745396578,Dependencia fiscal intermedia y operación corriente alta
6105,DOÑIHUE,9,9,OK,0.2550922650808425,0.55495973515221,0.09785344033508098,0.1918948032316457,0.8214096613081003,0.2142118483216415,251.6477777777778,64.26444444444445,3,0,3,118019781.1754588,127422615,,5.53199633604429,4.178447392499987,1,0.4567672666626746,-0.6449152483626454,0.5883906837033942,-0.38998408761154574,-0.6620680772530303,-0.4152386445383042,0.6038340229262654,Dependencia fiscal intermedia y operación corriente alta
6106,GRANEROS,9,9,OK,0.2598835038921786,0.5411934041706715,0.09926132425427815,0.1911653687115124,0.8129857578227747,0.2706734336394362,177.7633333333333,45.25111111111111,3,0,3,50109685.22222222,0,,5.186062770866858,3.834085487693886,1,0.3846323388098949,-0.6333411945005923,0.4769055821045244,0.044278243213405365,-1.141428856525161,-0.8472649751405453,0.8447735924323251,Dependencia fiscal intermedia y operación corriente alta
6107,LAS CABRAS,9,9,OK,0.5080414465840409,0.2800146949373216,0.1267721663786141,0.4356847924587344,0.8237526571822598,0.2145729803603658,303.2933333333333,154.0777777777778,4,0,4,89537954.00907117,88994898,,5.717992148458315,5.04392678317838,1,-0.9839318321733268,-0.40717768471416604,0.6193987708130603,-0.38720651698561875,-0.40433333695857576,0.6705663767145128,1.8442472109594967,Dependencia fiscal intermedia y operación corriente alta
6108,MACHALÍ,9,9,OK,0.5536230856121089,0.1976190123627837,0.1135984602035579,0.3844718083672947,0.7845636118215001,0.3092996488184295,191.8788888888889,105.7388888888889,2,0,2,118860905.5274755,127591138,,5.262062473222192,4.670385561341491,1,-1.4156813394215244,-0.5154772275627746,0.10075623042572555,0.34136360027809953,-1.0361159288050157,0.20193253206861245,2.0307269633910834,Dependencia fiscal intermedia y operación corriente alta
6109,MALLOA,9,9,OK,0.2137487411708601,0.450611134168339,0.2209097964837672,0.1048739028524536,0.6752358204815659,0.1025233330407482,351.9055555555555,73.36333333333333,5,0,5,48522046.0,89727429,,5.866200473134686,4.3089629888164485,1,-0.09001450210377923,0.3667170848946605,-1.346128808837217,-1.2490126589714212,-0.19896078811370493,-0.25149761111965935,2.2502404528467927,Dependencia fiscal intermedia y operación corriente alta
6110,MOSTAZAL,8,8,REVISAR FALTANTES,0.7328731392667877,0.1803482506444729,0.5250436415212557,0.2148211862561334,0.7213563801080545,0.4816388278984929,498.41125,367.4825,3,0,3,49903370.0,117529404,,6.213429904624382,5.909393220678105,4,-1.5061793197609217,2.866966896501609,-0.7357520061218599,1.6668739127945982,0.2821956754972985,1.7563551472898558,2.2169078339051587,Alta transferencia y orientación a servicios comunitarios
6111,OLIVAR,9,9,OK,0.3062887866814763,0.4166419969757293,0.1376602488313329,0.2227184860744206,0.7654071746311393,0.1939780321795545,279.4933333333333,85.51777777777778,4,0,4,29569663.88888889,96306421,,5.636549957597719,4.460349916263302,1,-0.2680111857441892,-0.3176679949990489,-0.15276725190761886,-0.5456082010665559,-0.5171879310380512,-0.06157201873208679,1.0238208898098018,Dependencia fiscal intermedia y operación corriente alta
6112,PEUMO,9,9,OK,0.2360988716573537,0.5181843454714359,0.09687247311144608,0.1764327896140088,0.8359585919070496,0.1608579874232339,261.64,60.19444444444444,4,0,4,31802912.125,0,,5.570784273193337,4.114056408346233,1,0.2640659517707065,-0.6529796685385171,0.7809366938522824,-0.8003440139551384,-0.6083195612089479,-0.4960216818591058,0.9978240661817582,Dependencia fiscal intermedia y operación corriente alta
6113,PICHIDEGUA,9,9,OK,0.2192452185238289,0.567219121304574,0.1041576935634287,0.1657246312647827,0.8453340877037987,0.180417538881705,247.7722222222222,54.76333333333334,5,0,5,18686444.33333333,0,,5.516537707615241,4.02111654467508,1,0.5210058743792904,-0.5930886982969794,0.905015525389364,-0.6499058645755597,-0.6834891271775337,-0.6126213048375219,0.9794820437747414,Dependencia fiscal intermedia y operación corriente alta
6114,QUINTA DE TILCOCO,9,9,OK,0.2236354359104278,0.5434751254089263,0.09408334840982836,0.1567300250850536,0.7755905879740087,0.1068804152610575,280.6188888888889,62.45666666666667,4,0,4,56486295.66666666,87288567,,5.640554699054527,4.150357258249588,1,0.3965884509448124,-0.6759087460599892,-0.017996136221076757,-1.215501083447325,-0.5116385534154019,-0.45047970185896746,1.2732537942914948,Dependencia fiscal intermedia y operación corriente alta
6115,RENGO,9,9,OK,0.3224097936527096,0.4933142666963949,0.1029823468530284,0.2397162316620381,0.7813319314507132,0.2530825228877339,188.1822222222222,61.29,4,0,4,0.0,0,,5.242710689318329,4.131800899266054,1,0.1337479069309884,-0.6027510901655626,0.05798695901848959,-0.0910185229218586,-1.062931731451121,-0.47375996477163795,0.7159582884781654,Dependencia fiscal intermedia y operación corriente alta
6116,REQUÍNOA,9,9,OK,0.480926300881469,0.2981211321843922,0.1021612220884155,0.391688001005945,0.7706989522437,0.1934579017096016,216.0755555555556,104.96,4,0,4,89541339.03091994,90938237,,5.3802454752227415,4.663061664403869,1,-0.8890549513079828,-0.6095014636327977,-0.08273388011001305,-0.5496086744670725,-0.8723495249677767,0.1927441861002871,1.6272544250103174,Dependencia fiscal intermedia y operación corriente alta
6117,SAN VICENTE,9,9,OK,0.3118685053497893,0.5011132989021411,0.08124663943970789,0.2095359982900548,0.770267415414361,0.1972615640349365,215.5688888888889,65.73333333333333,4,0,4,0.0,0,,5.377908690311901,4.200704578213011,1,0.17461446943318784,-0.7814378731462588,-0.0884450005361107,-0.5203536109088339,-0.8755876121284647,-0.38731543311762057,0.8658587504166446,Dependencia fiscal intermedia y operación corriente alta
6201,PICHILEMU,9,9,OK,0.1824689122365991,0.6979850122370735,0.04377649545890364,0.1042238129220683,0.7316866375045785,0.3160159050837835,740.2922222222222,137.5988888888889,3,0,3,101925079.4554433,118422918,,6.608394909529151,4.931584070048986,1,1.2062130018753745,-1.0894756728108874,-0.5990375010945694,0.3930202635438247,0.8294994112283542,0.529624508738377,2.1712674610101366,Dependencia fiscal intermedia y operación corriente alta
6202,LA ESTRELLA,9,9,OK,0.3702699008705828,0.4374430476656996,0.06783737785918015,0.302376328226414,0.8195382730511369,0.1103822146866701,999.3477777777779,381.3422222222222,4,0,4,31891054.5,87768991,,6.908102996299241,5.946316077246513,3,-0.15901465698171324,-0.8916738902405423,0.5636240288714705,-1.1885677344793726,1.244805459817716,1.8026774785813613,1.919399772533247,Alta disponibilidad por habitante y baja escala relativa
6203,LITUECHE,9,9,OK,0.2939075484452949,0.4083107171390819,0.1423659497326177,0.1867411976270718,0.7143713503315294,0.2051420347186371,546.7511111111112,163.1633333333333,5,0,5,70730273.82500057,93517104,,6.305821006973949,5.100861867169365,2,-0.31166670083705056,-0.2789829621298339,-0.828194512812916,-0.45974263890300604,0.4102221964201345,0.7419954606981366,1.492352980890673,Mayor holgura fiscal y capacidad propia
6204,MARCHIHUE,9,9,OK,0.2896092215148595,0.2919324466848705,0.106499596576906,0.2199613166687343,0.5676323948466947,0.0865332701658151,1024.9,320.9511111111111,5,0,5,39391323.875,105863138,,6.933325555093667,5.774399705169761,2,-0.9214833726942053,-0.573836179500439,-2.7701929449217895,-1.3719968425543345,1.2797564060571531,1.586996247985924,1.8203004525655089,Mayor holgura fiscal y capacidad propia
6205,NAVIDAD,9,9,OK,0.06917260160735378,0.819423497218898,0.06799657419732699,0.03834015741836908,0.84250202479414,0.1706079410785231,992.3299999999999,70.39,5,0,5,66932286.82565795,91209492,,6.901062935121012,4.268157803514369,3,1.84254496022088,-0.8903651552182659,0.8675349415047445,-0.7253543094339174,1.2350500340590498,-0.3026905980022474,2.2080212911167796,Alta disponibilidad por habitante y baja escala relativa
6206,PAREDONES,9,9,OK,0.07990637869881895,0.6759090926541843,0.1787980241507535,0.04664025489988455,0.7634199242559845,0.1820504826081175,655.8233333333333,54.31666666666667,5,0,5,39052092.55555555,88281938,,6.48741508328876,4.013074249497874,1,1.09053621998403,0.020520985512581153,-0.17906726951376314,-0.6373464235902145,0.6618574428837799,-0.6227109321352473,1.604002768557966,Dependencia fiscal intermedia y operación corriente alta
6301,SAN FERNANDO,9,9,OK,0.4452917576062217,0.3599801910169345,0.06539683895009753,0.2984269674753464,0.6635118785864358,0.5395009912591185,213.1555555555556,94.41444444444444,4,0,4,0.0,0,,5.3667026460809675,4.55822997626392,1,-0.5649163880328157,-0.9117372835366785,-1.5012878577976774,2.1119084931403282,-0.8911158482865921,0.061225429449658926,3.030608906751506,Dependencia fiscal intermedia y operación corriente alta
6302,CHÉPICA,9,9,OK,0.1487046190916471,0.5796331776911737,0.1766578425818086,0.1102448303595901,0.7812283128499711,0.2577483003884019,284.1977777777777,42.81111111111111,5,0,5,78631316.63852352,0,,5.653182896706761,3.7798874635473623,1,0.5860549468597224,0.0029267958100193544,0.056615631551194326,-0.05513268299819427,-0.4941396366384978,-0.9152602242407574,0.6809107042641064,Dependencia fiscal intermedia y operación corriente alta
6303,CHIMBARONGO,9,9,OK,0.2576757844474162,0.5294795399169153,0.1125734026161368,0.1729922074486785,0.8022868181527745,0.2838903308419397,221.8411111111111,55.97444444444444,4,0,4,0.0,0,,5.406459011278719,4.042602824218818,1,0.32325224022334126,-0.5239041096137347,0.33531179744306,0.1459332100927012,-0.8360253797093469,-0.5856652496524927,0.4498735399918307,Dependencia fiscal intermedia y operación corriente alta
6304,LOLOL,9,9,OK,0.2156570997701429,0.5525137232979015,0.1533537422350448,0.1677203268263719,0.7500581321407934,0.3162554834712508,424.1866666666667,91.40222222222222,5,0,5,0.0,0,,6.052528288183716,4.5261510283824915,1,0.4439502794150043,-0.18865356741618974,-0.35590224324061037,0.3948629299934336,0.05923400884438815,0.020980123713538943,1.0499301649712223,Dependencia fiscal intermedia y operación corriente alta
6305,NANCAGUA,9,9,OK,0.3247482694989699,0.4170362150427305,0.1388713111485192,0.2648058096116718,0.8087430733189351,0.3136129427059515,299.4533333333333,97.27444444444444,4,0,4,27081998.55555556,85120640,,5.7052924451878,4.5877640182209145,1,-0.2659455015862586,-0.3077119891818862,0.42075630240462497,0.37453838711034254,-0.4219313392026081,0.0982779709661699,0.9504313362243425,Dependencia fiscal intermedia y operación corriente alta
6306,PALMILLA,9,9,OK,0.3310159288949302,0.4002639572603062,0.1088068225180069,0.2638567603715859,0.7622131872669654,0.1939490779580607,327.3866666666667,108.8433333333333,4,0,4,75954020.78418942,86239602,,5.794191775860815,4.699055108170893,1,-0.35383134471220873,-0.554868736979002,-0.19503767991296367,-0.5458308963317057,-0.29874337273185014,0.2379005033914271,1.2523401135049683,Dependencia fiscal intermedia y operación corriente alta
6307,PERALILLO,9,9,OK,0.260328161695474,0.4190071177338604,0.2395767436746301,0.162783633184693,0.7116784219363124,0.3986847556198757,362.4377777777778,94.3488888888889,5,0,5,88058458.03404754,92725300,,5.8956081070195605,4.55754267900411,4,-0.25561806404170395,0.5201759384842005,-0.8638337382933883,1.0288502268429336,-0.1582105756028938,0.06036316649593249,1.6306635390911783,Alta transferencia y orientación a servicios comunitarios
6308,PLACILLA,9,9,OK,0.1870693499361304,0.5057604403957837,0.2092549606249417,0.1351805796004308,0.7502770813067355,0.2350580456059126,373.9155555555556,69.75777777777778,5,0,5,88732243.2345826,92727092,,5.926700815427235,4.259262463735939,1,0.19896527262215116,0.27090400247778407,-0.3530045877709619,-0.2296499742395779,-0.11512535221805265,-0.3138504299996317,1.0302609673510457,Dependencia fiscal intermedia y operación corriente alta
6309,PUMANQUE,9,9,OK,0.1347328041514769,0.4854709070798389,0.2702670359767894,0.1067027413474131,0.6916189821083665,0.1018193939767909,838.7233333333334,115.3411111111111,5,0,5,79456287.34052154,94716743,,6.733072472505404,4.756526488988076,3,0.09264907087783682,0.7724773472181663,-1.1293078965776837,-1.2544268572613244,1.002265340187553,0.31000240962020104,1.9032274533826736,Alta disponibilidad por habitante y baja escala relativa
6310,SANTA CRUZ,9,9,OK,0.4085976440382383,0.370220151176589,0.1557229483998748,0.2435773549063565,0.781105423141907,0.3437254497102782,236.6455555555555,96.49777777777778,4,0,4,10523330.625,0,,5.47078030124641,4.579829585721267,1,-0.5112594776822943,-0.1691765925121173,0.05498926301399018,0.606142360060784,-0.7468952495732722,0.08832366501538849,1.2818092220789976,Dependencia fiscal intermedia y operación corriente alta
7101,TALCA,9,9,OK,0.4589191190013583,0.3835412870416243,0.06462829798454112,0.2877303786672564,0.7772975758771599,0.4279593808341788,182.5122222222222,83.30555555555556,1,0,1,41452150.97466445,69278850,,5.212281271392189,4.434447765037489,1,-0.4414573513328659,-0.9180553715617313,0.004594782602050342,1.2540098093809657,-1.1050978319923925,-0.09406809681915952,1.7683704576285315,Dependencia fiscal intermedia y operación corriente alta
7102,CONSTITUCIÓN,9,9,OK,0.2360474196311281,0.6001330664724047,0.07188637896355107,0.1626183662201283,0.8618543602881854,0.3973959585607704,296.5911111111111,69.85777777777778,3,0,3,0.0,0,,5.695720433934606,4.260674738202945,1,0.6934734013634835,-0.858387511846346,1.1236510155418467,1.0189377170949827,-0.4351952928498333,-0.31207863193698804,1.4564085204557298,Dependencia fiscal intermedia y operación corriente alta
7103,CUREPTO,9,9,OK,0.128354807881047,0.6434637922500213,0.1433170120532169,0.08379486988654136,0.8149025952586031,0.2687387060664944,459.1711111111111,59.66777777777778,5,0,5,60427360.0,92157813,,6.13159840099181,4.105412713259283,1,0.9205243695530949,-0.27116438676670235,0.5022737284340859,0.029397695658673475,0.16880160999168517,-0.5068658078182832,0.8793136575950002,Dependencia fiscal intermedia y operación corriente alta
7104,EMPEDRADO,9,9,OK,0.08671353867967184,0.690139682711071,0.1503723253747993,0.05640408873452437,0.8127670529529766,0.05667624915756957,705.8655555555556,60.71777777777778,5,0,5,31658156.95379555,87319454,,6.560840485940181,4.122572021950102,3,1.165103843589233,-0.21316345694272948,0.47401115974176977,-1.601635799051078,0.7636031587564279,-0.48533824316638047,2.024353914186455,Alta disponibilidad por habitante y baja escala relativa
7105,MAULE,9,9,OK,0.2075844684342495,0.5720220422419593,0.1009322470227111,0.1447172591123128,0.7777865651966993,0.4408741427109775,152.9077777777778,31.39777777777778,5,0,5,92162145.7111822,94431888,,5.036353577435141,3.4780898333404564,1,0.5461729545377958,-0.6196047281218856,0.011066250854812507,1.3533409663632028,-1.3488811619723688,-1.293886666199129,1.8608586625867989,Dependencia fiscal intermedia y operación corriente alta
7106,PELARCO,9,9,OK,0.3202294838998614,0.1744539191479264,0.05135385637457845,0.2824651421976158,0.491799143845684,0.07731717917579356,1133.62,367.3455555555556,5,0,5,83151690.15397242,104908284,,7.034053072094766,5.909021507236988,2,-1.5370653399949223,-1.0271830489841687,-3.7737986613390726,-1.4428804554018153,1.419334712137478,1.7558888065252123,2.76496735959674,Mayor holgura fiscal y capacidad propia
7107,PENCAHUE,9,9,OK,0.2682633079587589,0.4377103480806113,0.1181388594590334,0.2063266026653666,0.6720034263320486,0.2141507723861409,463.7155555555556,124.0011111111111,5,0,5,38421626.03938872,0,,6.141425509934714,4.828322626151684,2,-0.15761401536046105,-0.478151120756991,-1.3889075266601703,-0.39045384023996604,0.18241905297801825,0.40007573439076194,1.7617517102145472,Mayor holgura fiscal y capacidad propia
7108,RÍO CLARO,9,9,OK,0.354994991149541,0.2855676597190513,0.06762473389939326,0.2345020609546306,0.6662249204399607,0.1119024076812335,500.7233333333334,175.4988888888889,5,0,5,34119188.24988092,0,,6.218048838946357,5.173314581106448,2,-0.9548345574938005,-0.8934220120923901,-1.4653824432580753,-1.1768754918792554,0.28859614130596656,0.8328925074026395,1.2840047101978287,Mayor holgura fiscal y capacidad propia
7109,SAN CLEMENTE,9,9,OK,0.2487454573404824,0.552698773690731,0.09776990350264454,0.1690975951058506,0.8049422375978759,0.2353022427319592,243.8855555555556,59.96111111111111,5,0,5,78596108.76927489,0,,5.500790981228702,4.110236138100588,1,0.4449199347831473,-0.6456019951781328,0.37045461539443403,-0.2277717837399509,-0.7053093949730699,-0.5008144806939946,0.4330793756843102,Dependencia fiscal intermedia y operación corriente alta
7110,SAN RAFAEL,9,9,OK,0.2320498801534897,0.5208501860120569,0.1271629700480147,0.1512273401601574,0.7281459614226452,0.1325051309736482,350.6933333333333,81.59777777777778,5,0,5,39490700.44444445,88759016,,5.862759583751041,4.413982776748295,1,0.27803483101112286,-0.4039649321161325,-0.6458961377599403,-1.0184140071733745,-0.20372883487865937,-0.11974286999529427,1.431075128259296,Dependencia fiscal intermedia y operación corriente alta
7201,CAUQUENES,9,9,OK,0.1970921645595113,0.6194860404960963,0.09203688681900221,0.09615178902364233,0.7518000822158204,0.2766989233452267,259.1777777777777,50.14444444444445,3,0,3,13723223.375,0,,5.561365158041457,3.9346538734869765,1,0.7948820763988197,-0.6927324744625063,-0.33284862190783526,0.090622021718216,-0.6213716464465959,-0.7210948323855167,0.847810539631876,Dependencia fiscal intermedia y operación corriente alta
7202,CHANCO,9,9,OK,0.1015107426131972,0.6213910654235504,0.2044794676339851,0.05699974094990937,0.7850795257455687,0.1120613837019943,454.2877777777778,45.94555555555556,5,0,5,11337798.25,90702386,,6.120929697653115,3.8489885378199644,1,0.8048643175554454,0.2316452167629033,0.10758402900405101,-1.175652761470035,0.15401796809895119,-0.8285680462094077,1.5803157508224221,Dependencia fiscal intermedia y operación corriente alta
7203,PELLUHUE,9,9,OK,0.105465783012581,0.7500924741092461,0.0766311883937055,0.06548375109713862,0.8203752647211764,0.1251158264547915,875.9699999999999,88.36333333333333,5,0,5,69012673.53421587,91652695,,6.776472784261436,4.492710456363054,3,1.4792536550298994,-0.8193809722013019,0.5747010908931695,-1.0752472785998273,1.062405232231144,-0.02097343567025062,1.8460518780684623,Alta disponibilidad por habitante y baja escala relativa
7301,CURICÓ,9,9,OK,0.4352216147775086,0.3905580171536018,0.05790037403966984,0.3002064991961622,0.8244388008242672,0.2187660088569496,190.1611111111111,82.75666666666667,2,0,2,68301409.1111111,0,,5.253116586159644,4.427915769527155,1,-0.40469001506376834,-0.9733648704884188,0.6284794533937517,-0.3549567259481706,-1.0485122610065012,-0.102262946517847,1.2875283210312753,Dependencia fiscal intermedia y operación corriente alta
7302,HUALAÑÉ,9,9,OK,0.208827742965538,0.465565882482502,0.146273422599992,0.1312469383200709,0.714854825008206,0.1880883471884559,452.5088888888889,95.80111111111111,5,0,5,63724025.33527841,0,,6.117014870000122,4.572658472637224,1,-0.011652323238160152,-0.24686007130422533,-0.8217960274143526,-0.5909074663575205,0.1485931842000763,0.07932699718194365,1.5346549151102855,Dependencia fiscal intermedia y operación corriente alta
7303,LICANTÉN,9,9,OK,0.1504040012306971,0.5996552977847068,0.1293820288311864,0.09973245074263988,0.7025506780026577,0.1922466100198769,764.6344444444444,112.3788888888889,5,0,5,90561107.0116958,91028009,,6.640704829257916,4.730735208961817,3,0.6909699158767825,-0.3857223017903759,-0.9846337286523262,-0.5589250680739477,0.8742713265857344,0.27764542728339603,1.8203034849016901,Alta disponibilidad por habitante y baja escala relativa
7304,MOLINA,9,9,OK,0.2578172954311059,0.5625379862512392,0.1087214147793295,0.2018826305414248,0.8214488504948106,0.4212902697090484,221.4711111111111,56.34333333333333,3,0,3,75520255.36553991,126085175,,5.404797255473779,4.049056591540838,1,0.49647694653393604,-0.5555708643022915,0.5889093281144545,1.202715752980871,-0.8383280777930306,-0.577568542741016,1.3270787188610462,Dependencia fiscal intermedia y operación corriente alta
7305,RAUCO,9,9,OK,0.2082747552676145,0.4711759046722667,0.09640118655254336,0.1724191038424418,0.6807568624363776,0.1235574893687099,372.7133333333334,77.62888888888888,5,0,5,48897309.85026405,0,,5.923489015098549,4.36473917502337,1,0.01774392957995599,-0.6568540618338905,-1.2730612666537129,-1.0872328984049353,-0.11957594985704112,-0.18152244625485872,1.9771906414767892,Dependencia fiscal intermedia y operación corriente alta
7306,ROMERAL,9,9,OK,0.3995587044770585,0.3239843395523573,0.1138249292658642,0.3008930675683367,0.702115913120413,0.1222903243477368,341.06,135.5811111111111,4,0,4,91490059.2162597,93920411,,5.834986160271545,4.916918658740086,2,-0.7535329592803621,-0.5136154511126846,-0.9903875703425955,-1.0969790299109914,-0.24221451901676083,0.5112257144869511,1.6959949731117536,Mayor holgura fiscal y capacidad propia
7307,SAGRADA FAMILIA,9,9,OK,0.365057636946587,0.3514268449022816,0.1289633570587511,0.2798457647351331,0.7085004668549368,0.2736664414449066,369.6755555555555,137.0266666666667,5,0,5,89202186.72800776,95386875,,5.91532716667023,4.9274469032043715,2,-0.6097355199938134,-0.3891641548995803,-0.9058919890486319,0.06729832914378066,-0.1308858382770714,0.5244341407388315,1.6861097667199036,Mayor holgura fiscal y capacidad propia
7308,TENO,9,9,OK,0.3529827412849336,0.4504370873855071,0.09420501562266484,0.2693832264828753,0.8317128639957261,0.2607286016126753,213.76,76.05333333333334,4,0,4,84831085.36691533,85694055,,5.3695211255543684,4.3444978227814675,1,-0.09092649907228333,-0.6749085337161915,0.7247471365550503,-0.03221032704717346,-0.8872102760821746,-0.2069166522150696,0.8665205580061829,Dependencia fiscal intermedia y operación corriente alta
7309,VICHUQUÉN,9,9,OK,0.3861614664383759,0.3063349310074888,0.09843779810507039,0.3303403462688073,0.7188773916296395,0.1015895914556355,1075.696666666667,419.34,4,0,4,36569217.11111111,0,,6.981652990937495,6.041063907599266,2,-0.8460150312090177,-0.6401113094779514,-0.7685598704165967,-1.2561943347046995,1.3467238230363041,1.921545323451926,1.4264762531917374,Mayor holgura fiscal y capacidad propia
7401,LINARES,9,9,OK,0.2944309026635574,0.5340542883613613,0.06366053270721873,0.1922163651909804,0.8225988691974279,0.2465433935881472,197.8355555555555,57.42555555555556,3,0,3,0.0,0,,5.292478129113637,4.0677533892467315,1,0.3472237072342154,-0.9260112600357905,0.6041291074157276,-0.14131285162731363,-0.9939688983406033,-0.5541120895324714,0.8371151956015266,Dependencia fiscal intermedia y operación corriente alta
7402,COLBÚN,9,9,OK,0.2896831803557568,0.4312273893432227,0.06446685775752117,0.2275017510841429,0.7209532765819255,0.2042189973607083,456.0811111111111,139.5111111111111,5,0,5,0.0,0,,6.124860861165361,4.945286568288293,1,-0.19158441469353116,-0.9193825533396839,-0.7410868295375878,-0.4668419853389328,0.15946538862812104,0.5468152605369674,1.789730215544108,Dependencia fiscal intermedia y operación corriente alta
7403,LONGAVÍ,9,9,OK,0.1347265017706351,0.6053292844571606,0.1683415379041006,0.09667817094466262,0.8143392349435288,0.2742664235614233,247.5355555555556,32.19333333333334,5,0,5,80195628.11664262,95390552,,5.515585916008076,3.5023490525459273,1,0.7207013395803077,-0.06544060079177094,0.49481800650276997,0.0719129645796317,-0.684808026562972,-1.26345176236586,0.993014249883864,Dependencia fiscal intermedia y operación corriente alta
7404,PARRAL,9,9,OK,0.239987124040413,0.5419642767012579,0.1066069081371934,0.1551693195370508,0.8247060153711229,0.3276311251485119,245.5422222222222,58.28555555555555,3,0,3,118331644.6587535,122334042,,5.507533265720385,4.082365693795629,1,0.3886716746686732,-0.5729539833464439,0.6320158710363316,0.4823562697852926,-0.6959665989181404,-0.5357799214622043,0.6805342138413624,Dependencia fiscal intermedia y operación corriente alta
7405,RETIRO,9,9,OK,0.2168809656500206,0.6223609461550945,0.09098850470097347,0.1647571373083561,0.8309653891866512,0.3185398940232704,245.6288888888889,52.84333333333333,5,0,5,10983779.75,87870238,,5.507884732647811,3.986078595257557,1,0.8099464470414762,-0.7013511048315478,0.7148547742817319,0.41243299015553236,-0.6954795705485954,-0.6565788869841384,0.8676521924330735,Dependencia fiscal intermedia y operación corriente alta
7406,SAN JAVIER,9,9,OK,0.2381845686514258,0.5613581086555068,0.09403120527865107,0.1335665667332599,0.8207259247595943,0.3830219670955766,236.19,55.08888888888889,3,0,3,120571502.7222095,126092811,,5.468861507718855,4.026937733890784,1,0.4902944433413713,-0.6763374088215657,0.5793418575018778,0.9083832046455114,-0.7495541253032384,-0.6053182118370989,1.0607614195285129,Dependencia fiscal intermedia y operación corriente alta
7407,VILLA ALEGRE,9,9,OK,0.1852844403431035,0.6271503967869163,0.1027923341350007,0.1114431008966532,0.8455713915310146,0.1363219867678796,263.2766666666666,47.25777777777778,5,0,5,0.0,0,,5.576996534196818,3.8765570122609763,1,0.8350429434314174,-0.6043131631482428,0.9081560933378273,-0.9890574688421125,-0.599711219679143,-0.7939814479625479,1.3301239318238942,Dependencia fiscal intermedia y operación corriente alta
7408,YERBAS BUENAS,9,9,OK,0.2444193320250823,0.5469204207478096,0.1108385870674882,0.2004484564801451,0.8219517873449634,0.2196344539998384,257.66,61.87444444444444,5,0,5,11019867.25,88158938,,5.5555144579870985,4.14113979250722,1,0.4146416367235905,-0.5381658312848194,0.595565383224152,-0.34827726397731373,-0.6294789723023744,-0.46204366362869126,0.5279775754637541,Dependencia fiscal intermedia y operación corriente alta
8101,CONCEPCIÓN,9,9,OK,0.6563007267927591,0.1257903328995411,0.06313642410701478,0.4561310240218456,0.7943188466947915,0.2905588763374656,205.6866666666667,134.63,1,0,1,51058740.80513861,71378368,,5.331203958882256,4.909930589974623,1,-1.7920602466111002,-0.9303198973357923,0.22986067148019027,0.19722291607243406,-0.940306444608126,0.5024586886789159,2.4806907257783877,Dependencia fiscal intermedia y operación corriente alta
8102,CORONEL,9,9,OK,0.3015840452370095,0.4055205128598679,0.185392823084742,0.2403245800232526,0.741735683414015,0.2926548823196239,251.11,76.55888888888889,2,0,2,31988812.625,0,,5.529865500206057,4.351037504445236,1,-0.32628724022735994,0.07473607883854111,-0.46604465447223853,0.21334390236978906,-0.6650207804039727,-0.1987121596940535,1.1886352581075366,Dependencia fiscal intermedia y operación corriente alta
8103,CHIGUAYANTE,9,9,OK,0.2744890469764208,0.5062444275277471,0.05447813262883473,0.1881787320834452,0.8133177246531887,0.2939051515959636,204.9411111111111,57.10555555555556,1,0,1,33851047.37174042,73808272,,5.327590259528758,4.062261279864058,1,0.20150134246477472,-1.0014987285983548,0.4812989557798797,0.22296008383274538,-0.9453139544670182,-0.5610023286406524,0.8520827642580413,Dependencia fiscal intermedia y operación corriente alta
8104,FLORIDA,9,9,OK,0.1151551892433924,0.6761389180772523,0.1429749260395218,0.07067976242794277,0.7639077327394577,0.1220861201031979,385.3977777777778,44.36444444444444,5,0,5,79815716.33593288,95280092,,5.956867351229118,3.814728636199078,1,1.091740494407911,-0.2739766370481174,-0.17261142888886355,-1.0985496236288028,-0.07332352792119964,-0.8715495124444704,1.4957061084805483,Dependencia fiscal intermedia y operación corriente alta
8105,HUALQUI,9,9,OK,0.1420474107174023,0.7160570850893515,0.0720501448549096,0.09829492609870291,0.8809326173701395,0.2758640451008064,244.1822222222222,35.00111111111111,5,0,5,0.0,0,,5.5020016982615605,3.5835498021773513,1,1.300909814925816,-0.8570412110458996,1.3761398329667052,0.08420073244097818,-0.703631702147711,-1.1615796870410118,1.6911379235181203,Dependencia fiscal intermedia y operación corriente alta
8106,LOTA,9,9,OK,0.09308321783197533,0.4465045073867622,0.421523321102321,0.04979016753717852,0.535079607244239,0.1525888477612227,373.5888888888889,34.89333333333334,2,0,2,31627651.25,0,,5.9258291283017686,3.580551577228308,4,-0.11153303358501421,2.0159380950440515,-3.2010087584586087,-0.8639443511282835,-0.11633325067546581,-1.1653411719932587,3.9435285556836392,Alta transferencia y orientación a servicios comunitarios
8107,PENCO,9,9,OK,0.2778133535662982,0.514654219295106,0.1262063683900509,0.202036312217199,0.7594733272944189,0.2405431358318006,212.0555555555555,58.78,2,0,2,80975774.77777778,0,,5.361552955905192,4.090671156855792,1,0.24556825638750968,-0.41182904574285517,-0.23129801550894089,-0.187462563934459,-0.898251783460745,-0.5253601314687237,0.702692041791874,Dependencia fiscal intermedia y operación corriente alta
8108,SAN PEDRO DE LA PAZ,9,9,OK,0.5027625898560195,0.2567873113128695,0.05519861584604649,0.3537061500667969,0.787154663992421,0.3633747131112115,162.1966666666667,81.32555555555557,1,0,1,56841550.02321348,68885069,,5.094956017484815,4.4106815765610135,1,-1.105642231567737,-0.9955757178664265,0.13504718770298754,0.757270509854223,-1.2676756527149717,-0.12388445878194496,1.9719009995807435,Dependencia fiscal intermedia y operación corriente alta
8109,SANTA JUANA,9,9,OK,0.1418311522181418,0.6576870088172343,0.1178627454945338,0.07219262782787736,0.8394441950826902,0.3059003037319297,394.9777777777778,58.71888888888889,5,0,5,44477891.57663704,0,,5.981358092957095,4.089648367154454,1,0.9950533564186798,-0.4804210223118051,0.8270664749978716,0.31521825717034097,-0.03938666194043238,-0.5266432933849514,0.9974970448576089,Dependencia fiscal intermedia y operación corriente alta
8110,TALCAHUANO,9,9,OK,0.5568331382199534,0.2341403104141161,0.1614419390913018,0.3824303189082023,0.8607801084917562,0.3708175556200466,208.4577777777778,115.7544444444444,1,0,1,60469308.59038557,0,,5.344522180997103,4.76007296387107,1,-1.224311452735253,-0.122161419317369,1.109433963924826,0.8145155573968589,-0.921851359660766,0.314451712835479,2.1989996936555753,Dependencia fiscal intermedia y operación corriente alta
8111,TOMÉ,9,9,OK,0.1581418627058445,0.636167388068766,0.1196586708280271,0.1096570474969671,0.8016697683516413,0.3594553987036192,278.3966666666667,43.98111111111111,2,0,2,0.0,0,,5.6326325164248034,3.806242648562913,1,0.8822915542949552,-0.4656569240373322,0.3271455286947616,0.7271259327882929,-0.5226163364963025,-0.8821957832683374,0.9913315732762763,Dependencia fiscal intermedia y operación corriente alta
8112,HUALPÉN,9,9,OK,0.3741741219383388,0.3945987906836289,0.05008131122054285,0.2864836432452009,0.7754387120686546,0.3892530367601073,186.7222222222222,70.28444444444443,1,0,1,60291485.22463483,73570047,,5.234963328818125,4.266678133132958,1,-0.3835165515280722,-1.0376444982228967,-0.020006118976496835,0.9563081578826805,-1.0736672631847217,-0.30454694899944024,1.5397689137652846,Dependencia fiscal intermedia y operación corriente alta
8201,LEBU,9,9,OK,0.09892002319827149,0.6198871399167811,0.2116681112407842,0.06492506424308475,0.6981591019213133,0.1215137934130925,283.59,27.81,3,0,3,99179289.37287952,118286670,,5.651049548003997,3.360722549096437,1,0.7969838185268922,0.2907422397245978,-1.04275349539238,-1.1029515532069327,-0.49709582187045614,-1.44113221350566,2.129038480224656,Dependencia fiscal intermedia y operación corriente alta
8202,ARAUCO,9,9,OK,0.2333574365108831,0.5406681251086565,0.1332763759758849,0.1530375752084189,0.8124261179954335,0.3934956592033131,277.4744444444444,63.84111111111112,4,0,4,66396289.23533443,85508521,,5.629326293736694,4.171939832919159,1,0.3818799011929405,-0.35370731604071604,0.4694990985047784,0.9889393902617708,-0.5271977753728864,-0.4234028376376076,1.0200480975311799,Dependencia fiscal intermedia y operación corriente alta
8203,CAÑETE,9,9,OK,0.1213219283533027,0.6863058175959297,0.1095540252183815,0.08208115975880997,0.8291832524456938,0.2940250042296334,248.0144444444445,29.80666666666666,3,0,3,0.0,0,,5.517510904599249,3.4277311167740105,1,1.145014570430765,-0.5487260684094662,0.6912693075233799,0.2238819049923889,-0.6821405663219242,-1.3570652327838684,1.3034657079852354,Dependencia fiscal intermedia y operación corriente alta
8204,CONTULMO,9,9,OK,0.06850140225015977,0.7148789375677502,0.1535655786921689,0.04212859000201927,0.7921798156764551,0.1574587401754491,612.0922222222222,40.73555555555556,5,0,5,44271556.375,92875713,,6.418515368702564,3.731353416716572,1,1.2947363772404508,-0.18691208395205655,0.20155193185398554,-0.8264886045571329,0.5663829813098463,-0.9761496137723611,1.6989616475976834,Dependencia fiscal intermedia y operación corriente alta
8205,CURANILAHUE,9,9,OK,0.111714626342897,0.4121694317419521,0.4236009201205718,0.06511180951050304,0.5126802032623506,0.542939474397504,343.0644444444445,38.62888888888889,3,0,3,13352158.375,0,,5.840828978329025,3.6795583696881478,4,-0.29144721752985775,2.0330178007023814,-3.497450880928916,2.1383548582888277,-0.23411811525859336,-1.041130158364424,3.7603987557292524,Alta transferencia y orientación a servicios comunitarios
8206,LOS ÁLAMOS,9,9,OK,0.09473930077926714,0.4682764773579475,0.3791089131935566,0.05261909592681708,0.5929050204776161,0.3235273391147002,335.1111111111111,31.33,3,0,3,57334452.125,118342032,,5.817441793128722,3.4759955917373415,4,0.0025510666149959494,1.667254062952073,-2.435725528356349,0.450792868258055,-0.2665257809236716,-1.2965140401988684,2.9433287649989577,Alta transferencia y orientación a servicios comunitarios
8207,TIRÚA,9,9,OK,0.0565507949683515,0.6896767249542847,0.2193700056967767,0.03116927676069359,0.8089937925618881,0.1527358549578307,434.3255555555556,23.73222222222222,5,0,5,0.0,0,,6.076094154750368,3.208106936866299,1,1.162677966684962,0.3540586396479218,0.4240744150019609,-0.8628136763962915,0.09188927360835987,-1.6325992777313798,1.9047806956199285,Dependencia fiscal intermedia y operación corriente alta
8301,LOS ÁNGELES,9,9,OK,0.3839893724308797,0.4206267467880335,0.08236448885664314,0.2489909014404367,0.7858223445644456,0.3253592618597657,192.96,74.15777777777777,2,0,2,69751604.55555555,126889980,,5.267651952237151,4.319589607553851,1,-0.24713128385839125,-0.7722481599995592,0.11741477215493068,0.4648827142424656,-1.028370577425303,-0.23816576739433723,1.0646243166374743,Dependencia fiscal intermedia y operación corriente alta
8302,ANTUCO,9,9,OK,0.115542650582092,0.6616678208771433,0.0961648606947647,0.0957667016488015,0.7415023946981347,0.1087983389058345,939.3455555555556,106.5444444444444,5,0,5,59011026.66666666,90798424,,6.8462474200043495,4.6779041988188235,3,1.01591262466685,-0.6587968698805127,-0.4691320849297556,-1.2007497797487616,1.159092073665558,0.21136519379781676,1.566828592721191,Alta disponibilidad por habitante y baja escala relativa
8303,CABRERO,9,9,OK,0.2446625925027264,0.6049185685129053,0.07773230554569376,0.1685960959708503,0.8466600266969602,0.3532619618909276,299.8288888888889,69.39777777777778,3,0,3,48298855.60105222,0,,5.706541627653246,4.254161697009225,1,0.7185492073203339,-0.8103288131051104,0.9225634998674684,0.6794904246643501,-0.4202003447563707,-0.3202497021068091,1.1002533858077381,Dependencia fiscal intermedia y operación corriente alta
8304,LAJA,9,9,OK,0.2043784419567732,0.5527163390196446,0.1609458794743691,0.1333565676256447,0.7828926666620886,0.416157412697866,298.2566666666667,61.46444444444444,4,0,4,77437597.66290471,93615476,,5.701301622106948,4.134597505974786,1,0.4450119762817567,-0.12623946911031098,0.07864231480600757,1.1632374698805774,-0.4274614301060258,-0.4702514241414208,1.2186213017695662,Dependencia fiscal intermedia y operación corriente alta
8305,MULCHÉN,9,9,OK,0.2410705389923565,0.5774504318530753,0.1147785529815178,0.1643773515008156,0.828851048226916,0.1979728186554679,229.1411111111111,55.07111111111111,3,0,3,114627517.3555076,116873561,,5.438692647362762,4.026620726438454,1,0.5746174611735699,-0.5057758188116069,0.6868727921612879,-0.5148831465642092,-0.791359170739148,-0.6057159200751251,0.7909378435076213,Dependencia fiscal intermedia y operación corriente alta
8306,NACIMIENTO,9,9,OK,0.2834027422928538,0.524454924055589,0.1169359776022041,0.2304103943829163,0.7873139963105744,0.3617921529413287,245.9255555555555,69.20333333333333,3,0,3,117044767.9158778,119113160,,5.509086896687602,4.251395793285282,1,0.29692348907455846,-0.48803987593829,0.1371558514250097,0.7450985833279687,-0.6938137296215033,-0.3237197236741685,0.8173639556148516,Dependencia fiscal intermedia y operación corriente alta
8307,NEGRETE,9,9,OK,0.1858382630211683,0.5938031703096851,0.07743633886406752,0.1443656477021612,0.829102046049975,0.1877078005185747,349.0966666666666,63.80666666666666,5,0,5,19959314.44444444,0,,5.858209306826081,4.171408478724813,1,0.6603050427335984,-0.812761921593535,0.6901945915923433,-0.5938343605090066,-0.21003416200565786,-0.4240694590020191,0.9162684315275841,Dependencia fiscal intermedia y operación corriente alta
8308,QUILACO,9,9,OK,0.1250617438662943,0.5716164855593828,0.255427647340037,0.08999544347999594,0.7773777606592788,0.1474566196480807,674.1733333333334,82.68111111111111,5,0,5,38367226.77777778,0,,6.514969448031046,4.427013278324912,3,0.5440478565667316,0.6504844179575994,0.005655978115125975,-0.9034177971924335,0.7000395769257188,-0.10339518547071698,1.5967296643353537,Alta disponibilidad por habitante y baja escala relativa
8309,QUILLECO,9,9,OK,0.1526329732485726,0.6343782170943979,0.1592544117486229,0.1112512699120142,0.8211236442000138,0.1360966677572831,356.8911111111111,54.36,5,0,5,38463098.88888889,0,,5.880228781227487,4.0138573113094145,1,0.8729163824117995,-0.14014483325061217,0.5846054259057964,-0.9907904623131615,-0.17952173571708246,-0.621728525787876,1.2264193623907262,Dependencia fiscal intermedia y operación corriente alta
8310,SAN ROSENDO,9,9,OK,0.05221955269745794,0.7149591424033536,0.1871070017831072,0.02825560888517456,0.7943863764541765,0.1760320909867709,758.5300000000001,39.31222222222222,3,0,3,99568840.52399507,116159834,,6.632699820926573,3.696654703920709,1,1.2951566468124558,0.08882814730635655,0.2307543856708984,-0.6836356086811551,0.8631787717773436,-1.0196815996180617,1.8995660248766468,Dependencia fiscal intermedia y operación corriente alta
8311,SANTA BÁRBARA,9,9,OK,0.2290137254421034,0.5577471559728401,0.1313791270296581,0.1764659384848593,0.824988357659343,0.1514446921081278,311.9444444444445,71.2188888888889,3,0,3,86345845.91266437,121795487,,5.7460256809985495,4.2797016306421884,1,0.4713732208607203,-0.3693043842321577,0.6357524948880541,-0.8727443821217975,-0.3654872192152887,-0.288208051572071,0.9731075132515384,Dependencia fiscal intermedia y operación corriente alta
8312,TUCAPEL,9,9,OK,0.1880841866644166,0.5290334792320704,0.2000181917300171,0.1227617634890197,0.7581649912773476,0.1629028481150742,360.5222222222222,67.67666666666668,5,0,5,78786752.64751282,96224871,,5.89032351197012,4.229409500586258,1,0.3209149031825279,0.19496957404695447,-0.24861302559218038,-0.7846164008310518,-0.16553344870928957,-0.3513030806766065,1.1559966770254213,Dependencia fiscal intermedia y operación corriente alta
8313,YUMBEL,9,9,OK,0.1350018291345508,0.6800534009950446,0.09557695988409304,0.06597273734274972,0.8505177597528338,0.2845024154781138,381.0955555555555,52.21555555555555,5,0,5,32669468.25,0,,5.945670722758814,3.9743507512685525,1,1.11225220106632,-0.6636299357004124,0.9736181875695047,0.15064092949645164,-0.0888387166424567,-0.6712922955631101,1.1500357062777888,Dependencia fiscal intermedia y operación corriente alta
8314,ALTO BIOBÍO,9,9,OK,0.1367400331904755,0.5972507250078553,0.1798446977810826,0.1206146124249561,0.8299211354248937,0.02149869725470712,519.7855555555556,71.12222222222222,5,0,5,22011659.75,0,,6.255338355401354,4.278362210703204,1,0.6783700674489364,0.029125570598209395,0.7010347279187433,-1.8721964925928902,0.3402682930307631,-0.2898884484838632,2.152575304672571,Dependencia fiscal intermedia y operación corriente alta
9101,TEMUCO,9,9,OK,0.453636003995375,0.3504408092018929,0.09114775965436232,0.2895299952180971,0.8231785989050322,0.3574577570593008,211.7088888888889,95.32666666666665,1,0,1,66767937.95037201,68191316,,5.359924512065888,4.567745192897355,1,-0.6149023007579247,-0.7000418879400214,0.6118014680339066,0.7117614949721747,-0.90050832109221,0.07316294074128411,1.475351508855259,Dependencia fiscal intermedia y operación corriente alta
9102,CARAHUE,9,9,OK,0.08316979801727375,0.7615011648489483,0.09950030994283009,0.049740376306262,0.8892595093736121,0.3292606669806398,289.4022222222222,23.70555555555556,5,0,5,0.0,0,,5.671266935201742,3.207028139620486,1,1.539034658734281,-0.6313765202871549,1.4863410481903947,0.49488954582091277,-0.46908055114358554,-1.6339527050677598,2.126738994574086,Dependencia fiscal intermedia y operación corriente alta
9103,CUNCO,9,9,OK,0.1879742863920104,0.5356919545977786,0.2089979428823175,0.1408309637275907,0.8394209447586978,0.2511018483280552,354.5111111111111,67.52444444444444,4,0,4,62729980.29365566,86540682,,5.873556503638447,4.227190534814787,1,0.355805001405431,0.2687910887950053,0.8267587714804919,-0.10625246199832084,-0.18876752307790587,-0.3540869299543607,0.934430565549213,Dependencia fiscal intermedia y operación corriente alta
9104,CURARREHUE,9,9,OK,0.06753230933621795,0.6725796577897554,0.22286443097413,0.04177858074185342,0.8052885894713989,0.1632195547255452,419.5122222222222,28.65555555555555,5,0,5,0.0,0,,6.0414735449174035,3.389649479074259,1,1.0730901376503863,0.3827859131294385,0.3750383661313626,-0.7821805189818848,0.04391543071198073,-1.4048413368451216,1.6928484679405034,Dependencia fiscal intermedia y operación corriente alta
9105,FREIRE,9,9,OK,0.1692651429826976,0.6745324853345892,0.09648090423774912,0.1255959278000073,0.8618329758774301,0.2722323498229882,270.0988888888889,46.12777777777777,5,0,5,0.0,0,,5.602483657967593,3.852862588917524,1,1.0833228622771893,-0.6561987117941971,1.123368006220831,0.05626831702411506,-0.5643936652640417,-0.8237077754974464,1.2064737795561666,Dependencia fiscal intermedia y operación corriente alta
9106,GALVARINO,9,9,OK,0.07890197341975318,0.6430684478002092,0.1980860400463448,0.03994978671791947,0.7650621462951754,0.3556120542765963,378.6677777777778,30.31333333333333,5,0,5,20653349.85211542,0,,5.939296601318542,3.444043991930739,1,0.9184527832021323,0.17908557441349637,-0.15733348645154782,0.6975656627454319,-0.09767134847804303,-1.3365995787809897,1.4824565237958778,Dependencia fiscal intermedia y operación corriente alta
9107,GORBEA,9,9,OK,0.1358166311542625,0.6060103341689715,0.185641164866807,0.1024684721712184,0.812399210646736,0.2684351707948067,338.6855555555555,45.41666666666666,3,0,3,0.0,0,,5.828020353083669,3.8376585901392835,1,0.724270008086936,0.07677766843454821,0.46914299654937014,0.02706311837344908,-0.2518670508840483,-0.8427822657676254,0.7667627189675011,Dependencia fiscal intermedia y operación corriente alta
9108,LAUTARO,9,9,OK,0.2807746287260089,0.3923178136264358,0.2054785086468654,0.1831338101310917,0.7105198967643114,0.2180969064593666,316.0588888888889,87.47555555555556,3,0,3,38857033.77777778,0,,5.759087525989869,4.482726305449513,1,-0.39546876418917454,0.23985821950823621,-0.8791660954043609,-0.3601029853934112,-0.3473873965208386,-0.033499258135382695,1.6237866141418722,Dependencia fiscal intermedia y operación corriente alta
9109,LONCOCHE,9,9,OK,0.1707019791336509,0.6298316129606615,0.1386805513113392,0.09316166547600957,0.8343230540473521,0.2506550634519722,271.1944444444445,46.22333333333333,3,0,3,50579210.22222222,118278868,,5.606516680179709,3.85488812072315,1,0.8490923902673382,-0.30928020414629664,0.7592913717311535,-0.10968881329049752,-0.5588050989466035,-0.8211666027913789,0.7967640310649896,Dependencia fiscal intermedia y operación corriente alta
9110,MELIPEUCO,9,9,OK,0.06022399040542962,0.7078034478307577,0.1779148178862692,0.04215754376306406,0.8521769676126021,0.4259878114400702,605.0166666666667,36.80111111111111,5,0,5,43921050.875,0,,6.406907488441396,3.632338496667372,1,1.2576611432957268,0.01326024708304288,0.9955767673588073,1.2388459007579662,0.5502979202235163,-1.1003708240360701,2.1116838645319924,Dependencia fiscal intermedia y operación corriente alta
9111,NUEVA IMPERIAL,9,9,OK,0.1152682349986926,0.7133813556917232,0.1082587923788362,0.05952202625684845,0.8746201718662552,0.4711113460623853,264.2733333333333,30.74111111111111,5,0,5,76307438.08893824,91701842,,5.580760740951615,3.457612721136808,1,1.2868891185390794,-0.5593740305350268,1.2925985590710831,1.5859040148696,-0.5944951514366881,-1.3195766496822143,2.280148182047932,Dependencia fiscal intermedia y operación corriente alta
9112,PADRE LAS CASAS,9,9,OK,0.1781800050438447,0.5654818206734116,0.1337146324731183,0.1171299050701483,0.7739562651817755,0.2299155480595952,206.5444444444445,37.37333333333333,3,0,3,123286166.9529197,130356280,,5.3353455068290385,3.6473627739110026,1,0.5119025006586126,-0.35010445913240895,-0.03962537768316869,-0.269202405475007,-0.9345674939800063,-1.0815218071241348,0.8896037167533013,Dependencia fiscal intermedia y operación corriente alta
9113,PERQUENCO,9,9,OK,0.1161062930240585,0.6727051408911405,0.1645026858662228,0.06870682288805335,0.8008089132300528,0.2272646969697953,511.8566666666667,60.0611111111111,5,0,5,78354776.89994024,92241284,,6.239996403921474,4.11187518417869,1,1.0737476632087433,-0.0969993675686414,0.3157526487953912,-0.2895908654597386,0.3190089225699105,-0.4987581816291814,1.131444152631915,Dependencia fiscal intermedia y operación corriente alta
9114,PITRUFQUÉN,9,9,OK,0.1559442077575274,0.6605987624905861,0.1183753688897294,0.1022505728687298,0.8032932123454012,0.3588945335937027,256.9022222222222,39.94111111111111,3,0,3,0.0,0,,5.552580529454373,3.7121347198529193,1,1.0103108089261035,-0.4762068035782566,0.3486307960532589,0.7228121575278246,-0.6335445224812213,-1.0002608263341446,1.126206639638186,Dependencia fiscal intermedia y operación corriente alta
9115,PUCÓN,9,9,OK,0.636890185630005,0.1600090066643003,0.2154313993400907,0.2656758718954366,0.7709051447733536,0.1521993351213443,430.3077777777778,279.2322222222222,4,0,4,18601694.44444444,0,,6.066821936827108,5.635618624515438,2,-1.6127560030512917,0.32167980394128,-0.08000505075466696,-0.8669402051399502,0.07904074413133377,1.4128855807044758,1.6528106214294347,Mayor holgura fiscal y capacidad propia
9116,SAAVEDRA,9,9,OK,0.04587594910821811,0.7768096754290095,0.13734555964792,0.02340464934090776,0.8215366725684632,0.1879032914626087,407.3966666666667,19.69,5,0,5,33386736.875,91573909,,6.012238924324456,3.029650491757452,1,1.6192505352599245,-0.32025501904908804,0.5900715984112158,-0.5923307832974645,0.0034049630388813157,-1.8564854918470406,2.039399022770459,Dependencia fiscal intermedia y operación corriente alta
9117,TEODORO SCHMIDT,9,9,OK,0.06763276264231387,0.7035159197512397,0.1861231280290845,0.03665455979991708,0.8180275071873448,0.3344739961019201,324.8088888888889,22.45,5,0,5,21334691.69833099,0,,5.786310979064298,3.1548704948922883,1,1.2351946975087151,0.0807398328741464,0.54362998619157,0.5349867631204639,-0.3096638073873483,-1.6993881540831393,1.7017018881457067,Dependencia fiscal intermedia y operación corriente alta
9118,TOLTÉN,9,9,OK,0.08678026079791616,0.7553192282154763,0.1122960087760609,0.05048521454238396,0.8483497862648899,0.2640616800546524,388.2188888888889,32.96111111111112,5,0,5,21790697.125,0,,5.964141881736671,3.525216079138515,1,1.5066416010892205,-0.5261845328803567,0.9449264124336522,-0.006574659807429875,-0.06324319758045623,-1.2347634624909298,1.585743294026411,Dependencia fiscal intermedia y operación corriente alta
9119,VILCÚN,9,9,OK,0.1710311502620643,0.5904066294153493,0.1696757157987192,0.1301200420422769,0.7479006896354164,0.3042920286200868,268.6977777777778,46.40111111111111,4,0,4,28662065.88888889,0,,5.597301990503944,3.858645669588973,1,0.6425073279546566,-0.054472475789901734,-0.38445464739916474,0.30284854961173036,-0.5715739114249768,-0.8164524923572584,0.9221790539535092,Dependencia fiscal intermedia y operación corriente alta
9120,VILLARRICA,9,9,OK,0.4201903303226106,0.3567032136292603,0.1022159157104282,0.2938662791918311,0.8115957919383121,0.3036702237553536,234.3577777777778,100.4333333333333,3,0,3,63081834.19849014,0,,5.461106815007813,4.619401768234815,1,-0.5820875956517578,-0.6090518335756215,0.45851025170713594,0.29806606912774286,-0.7602998172949196,0.13796976281728277,1.238186460109714,Dependencia fiscal intermedia y operación corriente alta
9121,CHOLCHOL,9,9,OK,0.0892268118495321,0.6501579116036024,0.1487611486119889,0.06839549439809442,0.8044792722540772,0.3285215127717288,370.1011111111111,33.46777777777778,5,0,5,53808394.375,87738611,,5.916474562163689,3.5400249101528893,1,0.9556012405985493,-0.2264087581922028,0.3643275582076966,0.4892044976984753,-0.12929589022564228,-1.2161847380897766,1.1381212381275176,Dependencia fiscal intermedia y operación corriente alta
9201,ANGOL,9,9,OK,0.1795030574881112,0.5697795541425483,0.1711156901580064,0.1114552283785031,0.7911174585019722,0.506151064147849,253.2411111111111,45.74555555555555,3,0,3,45109327.5,120997206,,5.53828307310261,3.8447191828850533,1,0.5344224222079644,-0.0426346100631101,0.18749229812980658,1.8554045887836486,-0.6533565341166776,-0.8339242535041919,1.9493526438888964,Dependencia fiscal intermedia y operación corriente alta
9202,COLLIPULLI,9,9,OK,0.2658124473285896,0.5108453666179241,0.1674349834385502,0.1759904315368204,0.8194999413558698,0.3809601754602168,287.2877777777778,76.62111111111112,3,0,3,122865294.4004552,129606542,,5.663959209634628,4.35183944059109,1,0.22561004722932207,-0.07289328213154243,0.5631167328241266,0.892525370753544,-0.47920687993958383,-0.1977060741612598,1.0504912840276985,Dependencia fiscal intermedia y operación corriente alta
9203,CURACAUTÍN,9,9,OK,0.1346760250202524,0.5961554998068254,0.2058972117512999,0.09901352046776794,0.8050768767089227,0.3173413542415948,377.3444444444444,50.78222222222222,3,0,3,72141430.97628842,119247883,,5.935805009391769,3.9470468900155207,1,0.672631138829191,0.2433003301942488,0.3722364799421921,0.4032146751498994,-0.10250965385052009,-0.7055469178769865,0.9366790589549541,Dependencia fiscal intermedia y operación corriente alta
9204,ERCILLA,9,9,OK,0.1023229637029704,0.6199284449315002,0.2287184463987372,0.04931585291749427,0.7553031353258587,0.2569005936076315,436.0477777777778,44.01555555555555,5,0,5,0.0,0,,6.080042520418622,3.8070081090494408,1,0.797200254864266,0.43091110932624516,-0.2864879017786018,-0.06165264024702922,0.09736053119683484,-0.881235459026311,1.2924528961321191,Dependencia fiscal intermedia y operación corriente alta
9205,LONQUIMAY,9,9,OK,0.06945421268488834,0.6079208331956948,0.2811937955004972,0.03490203646431692,0.7075963842657539,0.1660420083593291,480.3322222222222,32.79555555555555,5,0,5,10802096.625,0,,6.176557722379412,3.5203293014038994,1,0.7342809332666592,0.8623049967428595,-0.9178569574845131,-0.7604722143575359,0.2311018245570257,-1.2408942702942598,2.186938739660023,Dependencia fiscal intermedia y operación corriente alta
9206,LOS SAUCES,9,9,OK,0.1056521210274668,0.5827109459537188,0.2395356585177497,0.07467713179623924,0.7451867873502026,0.221227822603582,520.38,56.70222222222222,5,0,5,77507381.88961402,90938098,,6.256479142497498,4.055295686155834,1,0.6021823080181892,0.5198381820739022,-0.42037144921479885,-0.3360222066701128,0.3418490838138453,-0.5697411579020497,1.4628654526381544,Dependencia fiscal intermedia y operación corriente alta
9207,LUMACO,9,9,OK,0.07608984325945872,0.672635896660689,0.1918594224716716,0.05770787904571129,0.7656137044334881,0.1232626211126084,392.0211111111111,29.89666666666666,5,0,5,0.0,0,,5.9738633282664875,3.4306483032196313,1,1.0733848266930048,0.1278972582426794,-0.15003395895879046,-1.0895008151745442,-0.04977217119481186,-1.3534054163576181,1.7549048266681737,Dependencia fiscal intermedia y operación corriente alta
9208,PURÉN,9,9,OK,0.07704930820661314,0.7090192663157711,0.1370436866783281,0.04175233404498475,0.8512169380165884,0.2613704457884791,354.8366666666666,28.21111111111111,5,0,5,47630254.40276358,0,,5.874471824072292,3.3745491543996162,1,1.2640319750602784,-0.3227366824603349,0.9828713752284305,-0.027273718444312634,-0.18749916186460036,-1.4237857606302138,1.5201833299618257,Dependencia fiscal intermedia y operación corriente alta
9209,RENAICO,9,9,OK,0.161283078188035,0.5093271467195236,0.2824600459285336,0.08430390170057897,0.7416574835915146,0.3647138427017114,409.7788888888889,67.30333333333334,3,0,3,25155982.77777778,0,,6.018055086492616,4.223958569680631,4,0.21765464625991024,0.8727146977537907,-0.46707958028444085,0.7675701416122401,0.011464429682056819,-0.35814165847704693,1.6809404260785787,Alta transferencia y orientación a servicios comunitarios
9210,TRAIGUÉN,9,9,OK,0.1565405433237369,0.6167420837230695,0.162728571234049,0.1029681192936658,0.8006613368189356,0.1326938631219338,326.1966666666667,48.73777777777778,3,0,3,71446785.484301,122278874,,5.790561417227637,3.906764760613607,1,0.7805038717690689,-0.11158416254374498,0.3137995671610093,-1.0169624138085265,-0.3037739673853212,-0.7560836941912898,1.180144754591702,Dependencia fiscal intermedia y operación corriente alta
9211,VICTORIA,9,9,OK,0.2388523151239733,0.5737614035354441,0.1170181414785561,0.1470396540717626,0.7931432397876751,0.3446245422906888,254.7177777777778,59.47555555555555,3,0,3,103618417.825436,115543993,,5.544074405800458,4.102239242986438,1,0.5552871260322708,-0.48736441603890046,0.21430224827312092,0.6130575403094242,-0.6453314737163063,-0.5108471504061762,0.6811687776590784,Dependencia fiscal intermedia y operación corriente alta
10101,PUERTO MONTT,9,9,OK,0.5174528768146052,0.3336476251801884,0.03706653974599255,0.3413359893912026,0.8368791119194579,0.4320707717294426,212.9122222222222,110.2833333333333,2,0,2,107801789.8057194,131066877,,5.365565754344775,4.712079501635768,1,-0.7028977963949713,-1.1446374569425712,0.7931192013187912,1.2856317020901498,-0.8926912412622047,0.2542405248584297,2.084606011443707,Dependencia fiscal intermedia y operación corriente alta
10102,CALBUCO,9,9,OK,0.3283697887646903,0.5117896519799181,0.177991466451533,0.1957355636651066,0.7596311962747946,0.180109765481301,225.1066666666667,73.64777777777778,4,0,4,81231368.77995844,86134923,,5.421006864327638,4.31278075499258,1,0.23055805818091255,0.013890366236131936,-0.22920871814850016,-0.6522730385306139,-0.815866392908834,-0.24670795381682847,1.0212038238648393,Dependencia fiscal intermedia y operación corriente alta
10103,COCHAMÓ,6,6,REVISAR FALTANTES,0.1698369552515307,0.5909570027141798,0.2068769280813927,0.1027411301719281,0.863267591612252,0.01623330461458965,713.3183333333333,121.195,4,0,4,15494474.2,0,,6.5713287079849,4.805618129370113,3,0.645391258194056,0.2513544669163254,1.1423542495022934,-1.9126941454259805,0.778136707387238,0.3715913396426384,1.8464392917439187,Alta disponibilidad por habitante y baja escala relativa
10104,FRESIA,9,9,OK,0.1757648653940867,0.5616868579742934,0.1843862711513174,0.1191486290094502,0.792958271225046,0.2863426188426906,313.1522222222222,54.37,4,0,4,83303909.53893663,87340091,,5.749877652585586,4.014037930834876,1,0.4920170743331818,0.06646132966813134,0.21185430486621698,0.16479446411286597,-0.36014953508293535,-0.6215019258366875,0.5531025413045633,Dependencia fiscal intermedia y operación corriente alta
10105,FRUTILLAR,9,9,OK,0.3697932474992447,0.3292069066397103,0.1789923573141871,0.2642559868474037,0.7087212825972606,0.4438296960192626,317.7422222222223,121.03,4,0,4,87600248.92989512,96878864,,5.76438269530347,4.804266916143749,4,-0.7261669530033279,0.0221185763864413,-0.9029696306063156,1.3760729789574146,-0.3400498706370926,0.36989614721891184,1.9662325624268404,Alta transferencia y orientación a servicios comunitarios
10106,LOS MUERMOS,9,9,OK,0.1873895335854984,0.5870914892319375,0.1307581729727448,0.1334359672037959,0.7479300053410556,0.3710122853753856,259.6544444444444,49.02111111111111,4,0,4,84063610.33249286,85960855,,5.563195562457364,3.912445138539648,1,0.6251361490782403,-0.37440917703686066,-0.38406667234373887,0.8160132800866935,-0.6188352516716562,-0.7489572588987354,1.1247723286744244,Dependencia fiscal intermedia y operación corriente alta
10107,LLANQUIHUE,9,9,OK,0.3201731520455708,0.4556235339123164,0.09347072078607004,0.2315169885696465,0.7265877785669557,0.1037945791293781,261.1155555555555,84.2188888888889,4,0,4,32216071.0,88249224,,5.568785458265129,4.445223109837143,1,-0.06374976283621467,-0.6809450882030288,-0.6665177147139941,-1.2392351387974254,-0.611089322741383,-0.08054966574476463,1.680609990854895,Dependencia fiscal intermedia y operación corriente alta
10108,MAULLÍN,9,9,OK,0.1438681353099689,0.6047926847458718,0.1677205862762649,0.07099258121046638,0.6343032244409519,0.06983826160602308,324.3466666666666,48.78333333333333,4,0,4,9812458.0,0,,5.784891280511735,3.907680255994009,1,0.7178895822927958,-0.07054537362730291,-1.8878461535625832,-1.5004029666387186,-0.31163108628998776,-0.7549351405784822,2.684199686369256,Dependencia fiscal intermedia y operación corriente alta
10109,PUERTO VARAS,9,9,OK,0.6464524704807223,0.1304168686173124,0.1035586376606777,0.4203128978517109,0.7601425648314792,0.3065935257268817,291.2688888888889,188.7366666666667,2,0,2,120396481.1301955,140322543,,5.677674230903062,5.2456371459104805,2,-1.7678174167200205,-0.598013468862421,-0.22244107466875623,0.3205500273927419,-0.46020194967328226,0.9236262728277733,1.9770997595813076,Mayor holgura fiscal y capacidad propia
10201,CASTRO,9,9,OK,0.1740745441623251,0.3472900519087238,0.4673689682438381,0.1012088964144393,0.8094639232161706,0.2230255627779835,532.7333333333333,90.14666666666668,3,0,3,74457914.78022845,0,,6.279896338450309,4.512469930699171,4,-0.6314121210091718,2.392829955318424,0.43029630059795887,-0.32219526869167814,0.3742983354340227,0.0038162204238771937,1.7765682372053897,Alta transferencia y orientación a servicios comunitarios
10202,ANCUD,9,9,OK,0.1153472775639723,0.3174387300952541,0.5065954023941573,0.06428029568716315,0.8456455683703612,0.6307872357498114,483.27,55.89222222222222,3,0,3,0.0,0,,6.182642602415141,4.041158639736742,4,-0.7878316454425515,2.7153060170742567,0.9091377774804873,2.8140173177802703,0.23953365404488844,-0.5874770810827298,2.393414048798121,Alta transferencia y orientación a servicios comunitarios
10203,CHONCHI,9,9,OK,0.1583212221782869,0.2738562163425546,0.5468282802032512,0.1105509961338102,0.7888998652429199,0.174314820115626,628.5555555555555,100.62,4,0,4,54397876.66666666,90333616,,6.445014103054242,4.621240366165586,4,-1.016201970797203,3.0460559378868948,0.15814383631265844,-0.6968436340485574,0.6031023263726202,0.1402764137748882,2.32677490824764,Alta transferencia y orientación a servicios comunitarios
10204,CURACO DE VÉLEZ,9,9,OK,0.05169773753845307,0.4650449336529261,0.4799981623147722,0.0201124372958064,0.7947338827203045,0.1047733255530456,1023.417777777778,52.67111111111111,5,0,5,77741647.12614632,92701069,,6.931879708506861,3.9828748886223093,3,-0.014382070640488704,2.496653125977738,0.235353414072994,-1.2317073178757116,1.2777528937752387,-0.6605981632241494,2.8809007174502135,Alta disponibilidad por habitante y baja escala relativa
10205,DALCAHUE,9,9,OK,0.1046204985274912,0.311927763944412,0.5487027776430599,0.06422262420011507,0.7635700641167346,0.2189380850675463,586.4466666666667,59.94111111111111,4,0,4,56246107.28011785,0,,6.3757854617557035,4.1099080062615645,4,-0.8167088492685542,3.0614659685270604,-0.17708026222445594,-0.35363323820207476,0.5071720704467542,-0.5012261452608028,2.1313924786374976,Alta transferencia y orientación a servicios comunitarios
10206,PUQUELDÓN,9,9,OK,0.08075061504709644,0.4032289605936409,0.5304548526325962,0.02645242517054577,0.8198096448878819,0.5839363317742813,1025.095555555556,83.30777777777777,5,0,5,68424235.0,89832447,,6.933516155463749,4.434474123833421,4,-0.3382948664871701,2.911451848710814,0.5672154656493593,2.453673507964192,1.280020521341501,-0.09403502784803776,2.471224920548068,Alta transferencia y orientación a servicios comunitarios
10207,QUEILÉN,7,7,REVISAR FALTANTES,0.08380736254807657,0.4908820388676927,0.4396755866582019,0.02398631549368227,0.7744985995806346,0.3859116350927282,673.3814285714286,56.00142857142857,5,0,5,72751894.43952377,0,,6.513795868603003,4.043076330177128,4,0.12100314733017377,2.165165809344432,-0.03244792062152353,0.9306084743167442,0.6984133457478455,-0.5850712029857968,1.6331937934335992,Alta transferencia y orientación a servicios comunitarios
10208,QUELLÓN,8,8,REVISAR FALTANTES,0.1652850338784089,0.3223655078730812,0.5026533358222208,0.09812460395214959,0.8107142556247593,0.6534481601128828,453.09875,64.9725,4,0,4,31195943.73613846,0,,6.118314685402473,4.189237988530083,4,-0.7620155612566603,2.68289873533088,0.4468436691482631,2.9883090203098095,0.15039434080036596,-0.40170107971818214,2.2920781960175307,Alta transferencia y orientación a servicios comunitarios
10209,QUEMCHI,9,9,OK,0.1824633881846309,0.6370700312915819,0.2654478304129541,0.04204966221794383,0.8344361740502992,0.4202567375562709,464.8977777777778,85.41777777777777,5,0,5,10980568.75,87844550,,6.143966249070611,4.459193415960926,1,0.8870213623928385,0.7328592054043569,0.7607884443226661,1.1947665592215835,0.1859397598845197,-0.06302293004080715,1.959407814102154,Dependencia fiscal intermedia y operación corriente alta
10210,QUINCHAO,9,9,OK,0.1008726405304026,0.389328723275973,0.5296735874036727,0.02378570948007677,0.8400630979268331,0.1106967885228078,794.6322222222223,80.76777777777778,4,0,4,43572492.80576131,0,,6.679137046690389,4.403883251306834,4,-0.41113145725279704,2.9050291559612114,0.8352572676131117,-1.186148256412492,0.9275269211625055,-0.13241343795418425,2.9972666597554842,Alta transferencia y orientación a servicios comunitarios
10301,OSORNO,9,9,OK,0.5135463422063312,0.3159100824821354,0.07046606695108244,0.3122536682408248,0.8115224000889034,0.3166109917254136,198.6344444444445,101.8155555555556,2,0,2,132100892.890236,136183201,,5.296487916346266,4.632936660207364,1,-0.795841687147383,-0.8700637356522168,0.45753895641605036,0.39759724647093414,-0.9884125287770927,0.1549502407168071,1.5616559076973744,Dependencia fiscal intermedia y operación corriente alta
10302,PUERTO OCTAY,9,9,OK,0.2958145259097764,0.4349671539227351,0.2094972034219912,0.2192597037936789,0.7301493308545367,0.3016608927138458,388.1955555555556,113.0488888888889,4,0,4,29835660.375,0,,5.964081930810768,4.736627206367192,1,-0.1719882239226362,0.27289545301039914,-0.6193827945048138,0.28261172478773194,-0.06332627168904721,0.2850373541586858,1.5300656647872097,Dependencia fiscal intermedia y operación corriente alta
10303,PURRANQUE,9,9,OK,0.2913303686722856,0.5025718513420305,0.09770160234659847,0.2022239960963802,0.8021243177877853,0.2370257033749087,258.8411111111111,75.40666666666667,4,0,4,72797909.34059806,89640839,,5.560070333099912,4.336069952400443,1,0.18225721572208783,-0.6461634912277279,0.33316120659972537,-0.21451615105305874,-0.6231658877561422,-0.21749001083775296,0.48128809060218253,Dependencia fiscal intermedia y operación corriente alta
10304,PUYEHUE,5,5,REVISAR FALTANTES,0.3190882096192315,0.4093867749155356,0.1253384158171838,0.2590419580215534,0.7273099224131346,0.1485780626383471,317.79,101.542,4,0,4,0.0,0,,5.764532578795478,4.63027247074892,1,-0.30602820862194946,-0.4189643853053666,-0.6569605919145098,-0.894792455836903,-0.3398421768057868,0.1516078268792221,1.5784553467193385,Dependencia fiscal intermedia y operación corriente alta
10305,RÍO NEGRO,9,9,OK,0.2347899609353451,0.5282214340921181,0.1434906236216183,0.1691557358261082,0.791569680317623,0.1709094704939638,290.0844444444444,67.27555555555556,4,0,4,62650203.30567309,85622623,,5.673613412169672,4.223551804354207,1,0.3166598247842081,-0.26973714577307045,0.19347717143122473,-0.7230351597673866,-0.46582903368151385,-0.35865197430739487,0.7459615956904849,Dependencia fiscal intermedia y operación corriente alta
10306,SAN JUAN DE LA COSTA,9,9,OK,0.0703534721628381,0.696341738332927,0.1671521455224248,0.05159539962700779,0.735014460907813,0.2637437920299578,599.0855555555555,41.67888888888889,5,0,5,0.0,0,,6.397072237643381,3.753704392563486,1,1.1976023237886038,-0.07521846052929912,-0.5549958366976573,-0.009019628253998085,0.5366691950535399,-0.9481087360046568,1.6371574804203604,Dependencia fiscal intermedia y operación corriente alta
10307,SAN PABLO,9,9,OK,0.2405217507833436,0.5192974321888597,0.1064670699638499,0.1805153548920976,0.8137171570869048,0.1344316587592556,348.7988888888889,82.76666666666667,4,0,4,0.0,0,,5.857358386161186,4.428035155881437,1,0.2698984738975486,-0.5741035770936128,0.48658519458025234,-1.003596526547069,-0.21121328434035738,-0.10211316790457871,1.1309198266164628,Dependencia fiscal intermedia y operación corriente alta
10401,CHAITÉN,9,9,OK,0.2303215914448865,0.4642457615613812,0.3955289906765664,0.0647126225147096,0.7866682764565538,0.119202708029244,961.4188888888889,212.9788888888889,4,0,4,73601070.26178324,0,,6.869449791326644,5.365877360103694,3,-0.018569694869693728,1.802241655761437,0.128610152432221,-1.12072677719111,1.1912436423990274,1.0744761136601122,1.8549621921302835,Alta disponibilidad por habitante y baja escala relativa
10402,FUTALEUFÚ,9,9,OK,0.07046049836124885,0.6609996977099943,0.2253991948143728,0.0467719628575114,0.7431964771142594,0.1937743000809362,1030.272222222222,74.05111111111111,4,0,4,73781602.02339143,89512129,,6.9385484862382665,4.31816936291473,3,1.012411690647198,0.4036239188872454,-0.44671196216748515,-0.5471751633739702,1.2869938313768838,-0.23994756460080352,1.4858951002394907,Alta disponibilidad por habitante y baja escala relativa
10403,HUALAIHUÉ,9,9,OK,0.198453649090783,0.5832080583760823,0.2522552270835436,0.06846866391217896,0.744829563913223,0.2083575900281714,398.5477777777778,80.16111111111111,4,0,4,72540017.60113634,90693223,,5.99033335199241,4.396436205242304,1,0.604787153766123,0.6244043111952035,-0.4250990783043946,-0.43501087595736276,-0.026949628942112926,-0.141756283199788,1.4412980432140559,Dependencia fiscal intermedia y operación corriente alta
10404,PALENA,9,9,OK,0.06702231409963602,0.6448146448210925,0.2022371689209093,0.03390869301123994,0.8101241361081596,0.2469032920594839,1170.737777777778,78.52777777777777,4,0,4,10277508.375,0,,7.066243206006173,4.376106366642005,3,0.9276027735871578,0.21321153361184433,0.43903380589683827,-0.13854476872380808,1.4639406400668245,-0.16726150154607494,1.389510442857085,Alta disponibilidad por habitante y baja escala relativa
11101,COYHAIQUE,9,9,OK,0.3366534947301736,0.4436420444517926,0.1748831276281538,0.2025044880613378,0.8754614650308501,0.2982619174211982,268.5866666666666,89.18333333333334,2,0,2,43141768.33333334,0,,5.59688992183099,4.5018446354206345,1,-0.12653220493809245,-0.011662934339824748,1.3037325486867861,0.2564692258711036,-0.5721449157450672,-0.009513962928826392,1.3340860038478615,Dependencia fiscal intermedia y operación corriente alta
11102,LAGO VERDE,9,9,OK,0.09528610514090352,0.6691928105877518,0.1515621025116294,0.07193074378949339,0.8309642746117111,0.2236891915547715,2293.437777777778,236.97,5,0,5,11571160.5,0,,7.738243115479731,5.472144615306285,3,1.0553432173640334,-0.20338243417675927,0.7148400235784914,-0.3170911084420431,2.3951321539947177,1.207795890579682,1.1498036113935552,Alta disponibilidad por habitante y baja escala relativa
11201,AYSÉN,9,9,OK,0.3437597694539389,0.4968843736420714,0.2294322844736774,0.1579343507624205,0.8127622383410861,0.2010421404059671,343.5055555555556,115.1177777777778,4,0,4,45238469.21128999,0,,5.842110216754905,4.754605001682384,1,0.15245509966799622,0.43677949109798475,0.47394744136029654,-0.49127610808094113,-0.23234270080886218,0.3075917680875833,1.3039156263776763,Dependencia fiscal intermedia y operación corriente alta
11202,CISNES,9,9,OK,0.4197144515340979,0.3747204049758089,0.4795938389232986,0.08649717764561488,0.8331994546885287,0.3468341590946774,915.7366666666668,376.2955555555556,4,0,4,56127882.57619946,86143228,,6.820820262713317,5.933028847297268,4,-0.4876783591140086,2.4933292292794422,0.7444212359451661,0.6300523401920208,1.1238576149120325,1.7860077101815361,2.480320908656045,Alta transferencia y orientación a servicios comunitarios
11203,GUAITECAS,9,9,OK,0.2094579893989512,0.5484793677015248,0.1272458067371353,0.1182099458836264,0.7832726229838307,0.1272186582187446,1563.132222222222,326.6188888888889,5,0,5,0.0,0,,7.355086458594664,5.791851008707725,3,0.4228104455502395,-0.403283941099357,0.08367079942793446,-1.059073793246783,1.864191267892715,1.6088901407960992,1.0744160232314888,Alta disponibilidad por habitante y baja escala relativa
11301,COCHRANE,9,9,OK,0.08934581727447749,0.5914093875864223,0.2837152846302964,0.05486402129549348,0.7925000443497338,0.4787883731232376,835.9133333333334,73.96777777777778,4,0,4,84327447.67611346,90278599,,6.729720520723764,4.317058391589429,4,0.6477617336798377,0.883033872613193,0.20578995835055333,1.6449502433183294,0.9976205344217257,-0.24134135659223954,2.317482017983195,Alta transferencia y orientación a servicios comunitarios
11302,O´HIGGINS,9,9,OK,0.03017211318043678,0.6732032467988446,0.2551728826678567,0.02080386705295363,0.8096555798063952,0.0781396116630537,3104.941111111111,100.3911111111111,5,0,5,66976182.5278196,0,,8.041072043809356,4.618985425688455,3,1.0763577147732057,0.6483900265111481,0.43283275587317815,-1.4365548900310676,2.8147627584888997,0.13744743168812074,1.4230851406116942,Alta disponibilidad por habitante y baja escala relativa
11303,TORTEL,9,9,OK,0.02696991287041087,0.7774736180399381,0.1549255195906714,0.01616150220249856,0.8154492124089304,0.2590510649625884,3120.996666666667,86.20777777777778,5,0,5,55248577.61417352,0,,8.046228033383157,4.4682935216366095,3,1.6227295633613084,-0.17573216422014265,0.5095078650366816,-0.04511274506485223,2.8219074227505145,-0.051606204763451555,1.8884655061169566,Alta disponibilidad por habitante y baja escala relativa
11401,CHILE CHICO,9,9,OK,0.141609574161642,0.7040045689732661,0.1494380329261941,0.08053669645054061,0.7624220032924076,0.1893052784164253,821.0266666666666,113.9622222222222,4,0,4,30037626.34912594,0,,6.7117728357303,4.744603571979053,3,1.237755196484329,-0.22084416909208937,-0.19227413022932238,-0.5815476974360994,0.9727503942253416,0.2950442681603218,1.377562378190207,Alta disponibilidad por habitante y baja escala relativa
11402,RÍO IBÁÑEZ,9,9,OK,0.07068659159505059,0.5939533580358822,0.2994454647994458,0.04003545509292356,0.7602743085701965,0.1037329354182455,1256.506666666667,88.99555555555555,4,0,4,63055153.05282162,89184764,,7.136886203484029,4.499760286394849,3,0.6610920193657984,1.0123498979296497,-0.22069752856551614,-1.2397092583519236,1.56183077195887,-0.012128925991629017,1.3089793592678107,Alta disponibilidad por habitante y baja escala relativa
12101,PUNTA ARENAS,9,9,OK,0.35925438788678,0.1505506789299272,0.4567463940742611,0.2240478413113536,0.7894204900746591,0.1464893807886054,353.3311111111111,126.0533333333333,2,0,2,0.0,0,,5.870231818095689,4.8446069458118775,4,-1.6623171962001362,2.3055029790557455,0.16503398081187404,-0.9108571101202595,-0.19337454596622758,0.42050556350646656,2.2139638661438563,Alta transferencia y orientación a servicios comunitarios
12102,LAGUNA BLANCA,8,8,REVISAR FALTANTES,0.07072250754506118,0.7434021404888238,0.1467348195209036,0.04367540590569588,0.8798819722259552,0.2194333831861227,5462.05125,430.045,5,0,5,55090806.625,0,,8.605762749644043,6.066212493006243,3,1.4441966210484127,-0.24306697960000198,1.3622352006489458,-0.349823757575281,3.597255711023893,1.9530959999976691,2.5608402845341174,Alta disponibilidad por habitante y baja escala relativa
12103,RÍO VERDE,9,9,OK,0.3207995577277533,0.4751070450969,0.2721428411465354,0.111577498160239,0.8263956858160248,0.03432128178979517,11081.41666666667,3520.285555555556,5,0,5,79132505.96507768,92997257,,9.31311504722858,8.166581416563972,3,0.038342920791946754,0.7878981285576805,0.6543776041149036,-1.7735742981209197,4.577435094357629,4.588157155982851,4.77616480415115,Alta disponibilidad por habitante y baja escala relativa
12104,SAN GREGORIO,9,9,OK,0.1881418034245015,0.6626444841434043,0.120782289437772,0.131093836988991,0.8224835425302677,0.1717914106721578,3049.818888888889,575.1722222222222,4,0,4,46868728.66666666,91380459,,8.023165321725253,6.356406612918803,3,1.021030294316278,-0.45641978301152347,0.6026028310014964,-0.716251903589314,2.7899493806715654,2.317165018778252,1.9333948447699298,Alta disponibilidad por habitante y baja escala relativa
12201,CABO DE HORNOS,9,9,OK,0.08807590786488641,0.7799784432955709,0.1016112172792206,0.06563964628869826,0.9335647464975305,0.05935316019651735,1618.572222222222,141.0122222222222,4,0,4,41525069.89285848,0,,7.389917332999702,4.95591312588476,3,1.6358547300699398,-0.6140229907269064,2.072693191318152,-1.5810469044842417,1.912456474794408,0.5601470275566672,2.3903516434174064,Alta disponibilidad por habitante y baja escala relativa
12301,PORVENIR,9,9,OK,0.2912600025951481,0.5452467004069067,0.09346057350917757,0.133466249414344,0.8826824426008785,0.112868890671374,475.3144444444445,145.8488888888889,4,0,4,0.0,0,,6.166078233705251,4.989404091316303,1,0.40587142073803356,-0.681028507814337,1.3992976770670118,-1.169441992560404,0.21658037777390524,0.6021638090350456,2.0792521474328303,Dependencia fiscal intermedia y operación corriente alta
12302,PRIMAVERA,9,9,OK,0.1216723789368173,0.6474179341235892,0.1982488830982368,0.0631511556036419,0.8346035302938863,0.07826111538257241,2653.875555555556,311.3244444444445,4,0,4,85058665.76479289,85403989,,7.884153060847038,5.74404253354242,3,0.9412438872773157,0.18042428865545868,0.7630032996865737,-1.4356203698941445,2.5973198343921133,1.5489110321633233,1.2812302481623985,Alta disponibilidad por habitante y baja escala relativa
12303,TIMAUKEL,9,9,OK,0.05184447229404129,0.751650494718089,0.1666258604370864,0.03891343617400564,0.850020415112465,0.08951567290743451,6113.661111111111,295.5511111111111,5,0,5,42563346.15101272,0,,8.718444627306926,5.692219585069526,3,1.48741760985292,-0.07954499046649392,0.9670361418637621,-1.3490583232275277,3.753399196720697,1.483895483238595,2.321622347214203,Alta disponibilidad por habitante y baja escala relativa
12401,NATALES,9,9,OK,0.2820830131756801,0.2936764324413475,0.4195386874254902,0.1300418791710079,0.8525241613326925,0.1862990170178893,512.7677777777777,143.7333333333333,3,0,3,42368131.70858633,0,,6.241771369158754,4.974892968776081,4,-0.9123449692308241,1.9996226469031406,1.0001716594092913,-0.6046697205718166,0.321468495172781,0.5839585809407778,2.171084601070485,Alta transferencia y orientación a servicios comunitarios
12402,TORRES DEL PAINE,9,9,OK,0.1861637508146654,0.5886186340059758,0.1712879937819149,0.1620483896005357,0.84340208782991,0.06511298880270769,2272.427777777777,416.5744444444445,5,0,5,90507201.24852417,89462130,,7.729044005783479,6.034462838442137,3,0.6331383159768664,-0.04121812153266291,0.8794467136615597,-1.536746402087825,2.3823849307226896,1.9132638159849136,1.5283145861463818,Alta disponibilidad por habitante y baja escala relativa
13101,SANTIAGO,9,9,OK,0.5944440750461705,0.0341462826323555,0.0675172395738858,0.3575303780036764,0.6817179916003666,0.195009777308487,370.6366666666667,220.0122222222222,1,0,1,21560154.22222222,0,,5.917916674479488,5.3982180041614845,2,-2.272270766249585,-0.89430571073851,-1.260341322427902,-0.537672751822868,-0.12729755252994945,1.115049735732123,1.3871404623401091,Mayor holgura fiscal y capacidad propia
13102,CERRILLOS,9,9,OK,0.6294663954489803,0.1732831009352038,0.05926315818557367,0.4955362385009194,0.8398013355706517,0.4046078179175449,259.7844444444444,163.6733333333333,1,0,1,64835874.20520159,68157193,,5.5636941827385265,5.103963713530243,1,-1.5432003724459604,-0.9621615767424136,0.8317930063090174,1.07440620662157,-0.6181443126284428,0.7458869460299322,2.635181441083943,Dependencia fiscal intermedia y operación corriente alta
13103,CERRO NAVIA,9,9,OK,0.07456804789633502,0.4665490702379104,0.4099927109333941,0.0375753767063314,0.9076128698607331,0.181905734019579,245.1022222222222,18.04666666666667,1,0,1,0.0,0,,5.505746987109278,2.9468921081345174,1,-0.006500465572001137,1.9211462579204357,1.7292363119065215,-0.6384597267163763,-0.698441848483987,-1.9603117290242358,3.225676536241071,Dependencia fiscal intermedia y operación corriente alta
13104,CONCHALÍ,9,9,OK,0.2193854816709956,0.2436656319462361,0.4615972543609341,0.1548960618552702,0.8190093414537656,0.4715294484561828,289.6144444444444,62.29444444444444,1,0,1,59697041.53963452,72154549,,5.671997455490867,4.1477975598079055,4,-1.1743992152323581,2.3453813507522296,0.5566239495169862,1.5891197609212213,-0.4680682678316448,-0.45369102433620495,1.2804974792539903,Alta transferencia y orientación a servicios comunitarios
13105,EL BOSQUE,9,9,OK,0.169006187646684,0.654471921867159,0.06345759029622912,0.08222129279285902,0.7768686738921016,0.4067232700473883,166.8111111111111,28.62777777777778,1,0,1,0.0,0,,5.122839008236077,3.388712359710392,1,0.978206451786275,-0.9276796265563969,-0.0010814673055460952,1.0906767588471886,-1.2290381410063096,-1.4060170192724089,1.8405716625761532,Dependencia fiscal intermedia y operación corriente alta
13106,ESTACIÓN CENTRAL,9,9,OK,0.5917025442372483,0.1702308857974839,0.07324259128260519,0.3464159337473631,0.7933903433611574,0.2803949950553708,171.7833333333333,101.1422222222222,1,0,1,46732543.55555555,69682819,,5.152038401101011,4.626366177613159,1,-1.5591938364303617,-0.8472382443427701,0.2175725097431285,0.11904957483613157,-1.1885764884608883,0.14670710625320027,2.199243542659573,Dependencia fiscal intermedia y operación corriente alta
13107,HUECHURABA,9,9,OK,0.7758614102390181,0.07558214817303113,0.03645853232951836,0.6560620350857094,0.8484488858308348,0.2122343966762903,377.1344444444445,292.5244444444445,1,0,1,67437693.31689698,74893479,,5.935249805516344,5.6819609218117995,2,-2.055148776715661,-1.1496358168860619,0.9462379332977048,-0.40519323832473353,-0.1032790008846602,1.4710252656498781,2.6966435037550207,Mayor holgura fiscal y capacidad propia
13108,INDEPENDENCIA,9,9,OK,0.4984096392993732,0.2279116329973413,0.07234039931004935,0.2797981272977912,0.6997250287880851,0.2507285653316911,167.7133333333333,81.74111111111112,1,0,1,8060318.5,0,,5.128201022192444,4.415716589890537,1,-1.256949429889793,-0.8546550621229089,-1.0220294312880644,-0.1091234891426352,-1.2216079883778013,-0.1175676789554648,2.2823609839593244,Dependencia fiscal intermedia y operación corriente alta
13109,LA CISTERNA,9,9,OK,0.5184660370272238,0.2022739788478374,0.07839614197247116,0.2365690882382109,0.8053804352428862,0.1582159916337015,180.64,92.05444444444444,1,0,1,24177160.80895761,0,,5.20202670622975,4.533184745993209,1,-1.3912895336450422,-0.8048714892062083,0.3762538875560226,-0.8206643652724871,-1.1193076018504926,0.02980441922195647,2.148763986717471,Dependencia fiscal intermedia y operación corriente alta
13110,LA FLORIDA,9,9,OK,0.2646881136983549,0.2513807452990647,0.3758065730161144,0.1876776032103191,0.798080325746578,0.2536358067684399,303.61,81.28444444444443,1,0,1,0.0,0,,5.719032269863077,4.410182079422737,4,-1.1339723835784739,1.6401058992694215,0.27964149755220524,-0.08676305708095307,-0.40289203880969915,-0.12451111321957083,1.3368228734218197,Alta transferencia y orientación a servicios comunitarios
13111,LA GRANJA,9,9,OK,0.1759164538083747,0.6359708584715464,0.08382356696643761,0.09064921763294836,0.834463649074584,0.3358868049854349,173.6633333333333,30.43777777777778,1,0,1,48214249.51533013,70415344,,5.162860311501365,3.4480102836945687,1,0.8812617484348909,-0.7602532445087042,0.7611520591099388,0.5458530835631521,-1.1735805472602527,-1.3316235856385716,1.4827501806089274,Dependencia fiscal intermedia y operación corriente alta
13112,LA PINTANA,9,9,OK,0.1384697921269153,0.7527753566941335,0.04210434900187995,0.07493932408782665,0.8363728151421113,0.355853653465913,163.36,22.62222222222222,1,0,1,7989195.0,0,,5.102059144015209,3.162187888571628,1,1.4933118337819484,-1.1032221989945725,0.7864186796710787,0.6994238717646716,-1.2578328371814986,-1.6902079669116308,2.1573592786581406,Dependencia fiscal intermedia y operación corriente alta
13113,LA REINA,9,9,OK,0.6042172010034281,0.04779828578954501,0.1860877924370361,0.4358656365569095,0.5232485554751332,0.2294591992558142,368.7666666666667,222.6511111111111,1,0,1,39334461.42322621,0,,5.912872176076505,5.4100872979466015,2,-2.200734910827363,0.0804493429835814,-3.357585339707185,-0.2727123156924349,-0.13428772327053937,1.1299406030704002,2.330460860116376,Mayor holgura fiscal y capacidad propia
13114,LAS CONDES,9,9,OK,0.5262516818792502,0.01242608812428695,0.04275414944232073,0.4257794987920897,0.4552168685522434,0.1805154706681638,980.4666666666667,514.9233333333333,1,0,1,79540862.50962228,79467751,,6.889048051516442,6.2459581756312685,2,-2.386083565454327,-1.0978802633458324,-4.257942227906704,-0.6491526429717013,1.2184009876891295,2.17859965363151,3.22863713628036,Mayor holgura fiscal y capacidad propia
13115,LO BARNECHEA,9,9,OK,0.7562935976551519,0.01820104110171757,0.009970273190582852,0.6362941871827004,0.6887242579187696,0.308495908118678,861.1733333333333,654.14,1,0,1,69166273.87936302,72281567,,6.759456333202553,6.48484895325403,2,-2.355823083054274,-1.3673927880437973,-1.1676177633680727,0.3351817988340131,1.0388255046153843,2.4783050061419454,1.9395614754077568,Mayor holgura fiscal y capacidad propia
13116,LO ESPEJO,9,9,OK,0.1984927036513334,0.6338571495792382,0.05518100086543485,0.07393372377244667,0.8941529703099511,0.2001487905167884,176.5788888888889,34.00333333333333,1,0,1,8625797.5,0,,5.179414954623737,3.555443295049792,1,0.8701860131025858,-0.9957205286221985,1.5511029475412357,-0.49814711963567126,-1.1506407477538307,-1.196841285292428,1.8743112691192154,Dependencia fiscal intermedia y operación corriente alta
13117,LO PRADO,9,9,OK,0.07594938359379182,0.3006627020709241,0.5604144566217149,0.03701077715039736,0.9023386032656151,0.1303259950681264,353.7155555555556,26.05555555555556,1,0,1,0.0,0,,5.871316216345313,3.297892365186425,4,-0.8757372444590306,3.1577463517786315,1.6594346874885129,-1.0351743696780735,-0.19187189331176632,-1.519957116687069,3.5454522549701504,Alta transferencia y orientación a servicios comunitarios
13118,MACUL,9,9,OK,0.363061324201061,0.0962803358448518,0.4242921330843161,0.2629852224200956,0.8219923333590387,0.2290883796190273,309.9044444444444,111.6233333333333,1,0,1,60192754.54067788,68483136,,5.739485612377275,4.724048917446826,4,-1.946691245337666,2.038700184003618,0.5961019843979996,-0.27556439642804237,-0.37454980436564617,0.26925700234950284,1.8583968030931923,Alta transferencia y orientación a servicios comunitarios
13119,MAIPÚ,9,9,OK,0.2460486154581164,0.409825330396797,0.02767581029514455,0.1709446761083915,0.7894191034490252,0.4651292792751243,227.4677777777778,56.02555555555556,1,0,1,65139105.02974513,70166093,,5.431395184100714,4.043499510438744,1,-0.3037301984954561,-1.2218375776244388,0.16501562968760713,1.5398942145502357,-0.8014712790400893,-0.5845402934599241,1.9065900556132331,Dependencia fiscal intermedia y operación corriente alta
13120,ÑUÑOA,9,9,OK,0.5735969970327093,0.05479030842288267,0.2292542038809608,0.3922728044976986,0.7406326926544611,0.5504962489045351,249.54,142.4111111111111,1,0,1,42214571.0,68096274,,5.523618588416046,4.965715408504923,4,-2.1640970405860323,0.43531551076282793,-0.48064204831770313,2.1964761896767304,-0.6736771375925799,0.5724446834030635,2.2046435385815197,Alta transferencia y orientación a servicios comunitarios
13121,PEDRO AGUIRRE CERDA,9,9,OK,0.239892064456588,0.5017689106395212,0.1463904241661722,0.1423202831671978,0.7912575645940064,0.2297562533910634,171.1777777777778,40.92555555555555,1,0,1,0.0,0,,5.148527534756567,3.7358955587975182,1,0.17804984414840977,-0.24589821471189588,0.1893465147566069,-0.2704275866961018,-1.1934415024294807,-0.9704511757369163,0.9676699446280005,Dependencia fiscal intermedia y operación corriente alta
13122,PEÑALOLÉN,9,9,OK,0.2866609623853125,0.1722774962065413,0.3352979394753435,0.2129560761699067,0.7637496466580563,0.5600953201423293,338.7044444444444,96.67222222222222,1,0,1,70273490.74767022,73869240,,5.828075958520587,4.58161720155258,4,-1.5484696939992315,1.3070890218933333,-0.17470359944579075,2.2703054140248735,-0.251789998327559,0.0905663553285438,1.3658331472466494,Alta transferencia y orientación a servicios comunitarios
13123,PROVIDENCIA,9,9,OK,0.5488846878485916,0.01792483378099023,0.08164182852846447,0.3569585470891472,0.5381987202537943,0.1353503433793186,896.3044444444445,489.8944444444444,1,0,1,71444340.50542165,68186672,,6.7993952074227435,6.1962291239179645,2,-2.3572703964437163,-0.7781890685135782,-3.159729245774924,-0.9965306582729835,1.0941688762816248,2.1162110460759647,2.2289749064818816,Mayor holgura fiscal y capacidad propia
13124,PUDAHUEL,9,9,OK,0.4064617445650854,0.191175008221673,0.3486423171297664,0.317294051284127,0.7747792619121722,0.5707773613679267,341.69,139.7222222222222,1,0,1,58568507.01981112,67511209,,5.836826248413965,4.94678789210551,4,-1.449447618499473,1.4167916355974093,-0.0287335299473014,2.3524640727746506,-0.23966470548413216,0.548698777298681,1.451714027675474,Alta transferencia y orientación a servicios comunitarios
13125,QUILICURA,9,9,OK,0.7081703855459256,0.1612606744880199,0.02509615808645169,0.5957649362211852,0.8129433563712016,0.2675333704505083,213.3511111111111,150.8911111111111,1,0,1,71637924.79782486,74753102,,5.367615376660647,5.023163889858612,1,-1.606197322435466,-1.243044605563078,0.4763444253741797,0.020127111932086265,-0.8898510758389793,0.6445178606375795,2.4624373839331977,Dependencia fiscal intermedia y operación corriente alta
13126,QUINTA NORMAL,9,9,OK,0.3275220730406853,0.1810237954339226,0.3773183159860976,0.2234919596540546,0.7832160110196571,0.4593537413341638,230.5844444444445,73.01777777777778,1,0,1,0.0,0,,5.444944577831922,4.304305304591344,4,-1.5026394967889456,1.6525337665968236,0.08292157543829576,1.495472887131025,-0.7826958591575885,-0.25734100493526935,1.0482697029848125,Alta transferencia y orientación a servicios comunitarios
13127,RECOLETA,9,9,OK,0.6694559292950427,0.1513833770412067,0.04460673697000483,0.5239986103154564,0.8206689068797802,0.2833609178934867,183.79,122.6388888888889,1,0,1,53474647.0,71356963,,5.219220045189334,4.817365130559744,1,-1.6579538972019612,-1.0826503516058004,0.5785872614722469,0.14186134247385757,-1.095482760344498,0.38632878228279954,2.4117354664088335,Dependencia fiscal intermedia y operación corriente alta
13128,RENCA,9,9,OK,0.350776914395605,0.1584844406842914,0.3864152776065142,0.2881550671833647,0.8119117918817568,0.4950466795215634,319.9411111111111,110.3766666666667,1,0,1,32977812.0,70030656,,5.771257651817664,4.712917850138416,4,-1.6207446571903086,1.7273188552963026,0.46269231360534446,1.76999756517555,-0.330523230715882,0.25529229226449285,1.132537842405575,Alta transferencia y orientación a servicios comunitarios
13129,SAN JOAQUÍN,9,9,OK,0.361778793036676,0.1219326534592122,0.4060645892473469,0.2557002902764132,0.8249610357255132,0.5863318617710104,352.54,127.3677777777778,1,0,1,44117152.45217338,0,,5.867996633107738,4.854899407875702,4,-1.81227430571519,1.888853615500786,0.6353909061573426,2.4720982198118207,-0.19647184592638725,0.43341818408451954,1.8105885014717837,Alta transferencia y orientación a servicios comunitarios
13130,SAN MIGUEL,9,9,OK,0.461898340737256,0.06598780842787848,0.3580137176006703,0.2878087353751977,0.7788115029798207,0.5324778616304064,241.4533333333333,109.6822222222222,1,0,1,0.0,0,,5.490809251996069,4.7066632326194275,4,-2.1054226664136335,1.4938328549295838,0.02463066230407228,2.057891578363954,-0.719141095580047,0.24744543284614212,1.6097184469246322,Alta transferencia y orientación a servicios comunitarios
13131,SAN RAMÓN,9,9,OK,0.1772945435827198,0.6267332746235138,0.06018781850738729,0.08295278035823866,0.8214128720742095,0.1871138487632467,184.8744444444444,33.10555555555555,1,0,1,13871897.77777778,0,,5.22507141590938,3.5294602905372856,1,0.8328572428839596,-0.954560049213868,0.5884331761876112,-0.5984026146983735,-1.0873745051460395,-1.2294387995380303,1.3965623958495028,Dependencia fiscal intermedia y operación corriente alta
13132,VITACURA,9,9,OK,0.6072623360372097,0.01779224654245732,0.007652008931508372,0.438748253459525,0.5497527952779184,0.265120520844299,1093.184444444444,664.5522222222221,1,0,1,74383896.35796379,76476371,,6.997764565155471,6.500617105413488,2,-2.3579651473471053,-1.38645097532411,-3.0068182787642845,0.0015691899746189553,1.3690496611447522,2.498087266672953,2.5005517559544965,Mayor holgura fiscal y capacidad propia
13201,PUENTE ALTO,9,9,OK,0.2014848338881457,0.6562473243911946,0.02876060128463864,0.1449234190701781,0.8122332866338824,0.4204963086980682,155.3488888888889,31.61777777777778,1,0,1,44046947.78020426,0,,5.0520899773156875,3.4848574703406427,1,0.9875094776362782,-1.2129196340565955,0.4669470958647405,1.1966091699426553,-1.3270752036352305,-1.285396187608924,1.9852782084710672,Dependencia fiscal intermedia y operación corriente alta
13202,PIRQUE,9,9,OK,0.5583400416450028,0.1330731263205047,0.07980159303688555,0.4184161644916432,0.5314304637586242,0.326990592013842,317.5377777777778,177.0711111111111,2,0,2,64804615.25,137851252,,5.763741079525608,5.182182971137178,2,-1.7538987510977042,-0.7933174355671215,-3.249302893469925,0.47742974477777234,-0.3409389588038093,0.8440185290381719,2.475224336483533,Mayor holgura fiscal y capacidad propia
13203,SAN JOSÉ DE MAIPO,9,9,OK,0.3692546858409511,0.2472841646305888,0.3150705863822936,0.218366597086374,0.6905811504475267,0.359739485926455,392.6744444444445,145.1266666666667,4,0,4,9917083.875,0,,5.975524284601932,4.984473825487096,4,-1.1554382738988427,1.1408022485354676,-1.1430429504458584,0.7293109295228316,-0.047470580937481834,0.5959784423456453,1.2966991578536398,Alta transferencia y orientación a servicios comunitarios
13301,COLINA,9,9,OK,0.5463098107585286,0.07746439168120152,0.2581698597198261,0.4091157605023434,0.7686967976848896,0.5805646359042916,346.2544444444445,188.6877777777778,2,0,2,111921849.2297629,0,,5.850057780528629,5.245379445649597,4,-2.0452859091262274,0.6730278346072947,-0.10923114527864239,2.4277408229520145,-0.22132974702990932,0.9233029696500672,2.148559952302752,Alta transferencia y orientación a servicios comunitarios
13302,LAMPA,8,8,REVISAR FALTANTES,0.5101575647332568,0.1073044242670803,0.3073970199124062,0.4309910205439011,0.7608077213959744,0.342766100416683,283.48125,143.73625,2,0,2,0.0,0,,5.6506673462978885,4.974913120576718,4,-1.888925539715263,1.077718729769825,-0.21363814295175862,0.5987637280587417,-0.49762543947950627,0.583983862797925,1.342215385667656,Alta transferencia y orientación a servicios comunitarios
13303,TILTIL,9,9,OK,0.3048768834846169,0.2233115907999311,0.384889867044253,0.203774826602955,0.7712167785858205,0.09728783904752364,369.53,111.5855555555556,4,0,4,0.0,0,,5.914934413118033,4.723713426442733,4,-1.2810534349783618,1.7147786282444706,-0.07588077187314402,-1.2892803526913348,-0.13143007759870706,0.2688361051903643,2.3980930941111955,Alta transferencia y orientación a servicios comunitarios
13401,SAN BERNARDO,9,9,OK,0.45113583447658,0.3094102472181911,0.1533101246170749,0.3126189873857418,0.7462828739646379,0.5729116708098193,212.6133333333333,88.61222222222221,1,0,1,0.0,0,,5.3641675271104035,4.495491719408219,4,-0.8299005186870544,-0.18901214290159332,-0.4058654274180932,2.368879662023893,-0.8946287673196262,-0.017484144749645516,2.4968855403459966,Alta transferencia y orientación a servicios comunitarios
13402,BUIN,9,9,OK,0.3339388520313309,0.1225691280206385,0.4372788358532892,0.2118606467705741,0.843076632131966,0.1670813143469433,276.0744444444445,91.46666666666667,2,0,2,0.0,0,,5.624286222586872,4.526848219212622,4,-1.8089392089032514,2.1454623930813943,0.8751395107580104,-0.7524786123698953,-0.5341818112606054,0.021854798849977833,2.33471496067135,Alta transferencia y orientación a servicios comunitarios
13403,CALERA DE TANGO,9,9,OK,0.3886814128030689,0.1174903971556773,0.3139858533739913,0.2204335980211672,0.7520375088708567,0.4974203262768493,401.0255555555556,153.5922222222222,4,0,4,41123444.02438375,0,,5.996515657632189,5.040790825846526,4,-1.835551520129748,1.1318847816244193,-0.32970642840987835,1.7882539667041955,-0.01838279661503589,0.6666320967604947,1.343328678626427,Alta transferencia y orientación a servicios comunitarios
13404,PAINE,9,9,OK,0.4526643575027587,0.2621725525134704,0.06419564438759176,0.3411608616243317,0.788404688546342,0.3071803633922744,190.7788888888889,86.57111111111111,4,0,4,28639445.55555556,0,,5.256343088033128,4.4724511617157265,1,-1.077423820576739,-0.9216121676629031,0.1515904819890317,0.32506356506539,-1.0440412914097728,-0.04639015164527311,1.730596934982411,Dependencia fiscal intermedia y operación corriente alta
13501,MELIPILLA,9,9,OK,0.163212069868659,0.287380610003276,0.4908041690102086,0.09785013646364127,0.8488351741965974,0.6316895781310573,302.2422222222222,48.56,4,0,4,27713513.68149141,0,,5.714531899423427,3.9031840567609417,4,-0.9453347831437134,2.5854880802103324,0.9513502185676541,2.8209574931840677,-0.4091282104279614,-0.7605759400664873,2.420986098934226,Alta transferencia y orientación a servicios comunitarios
13502,ALHUÉ,8,8,REVISAR FALTANTES,0.3599117864063947,0.1684237481031035,0.05889616675247108,0.3135658034335128,0.538259934229971,0.1014649688943809,1571.7375,564.26625,4,0,4,0.0,0,,7.3605730105565295,6.337296859086296,2,-1.5686631530826336,-0.9651785716492548,-3.1589191170305466,-1.2571528427525906,1.8717939930651282,2.293190482943289,2.4768111850806074,Mayor holgura fiscal y capacidad propia
13503,CURACAVÍ,9,9,OK,0.4199694735262087,0.3446408860500006,0.1058346281776839,0.245844943202781,0.7634816871575778,0.3541223321838455,239.5166666666667,101.5011111111111,4,0,4,72764757.07507469,88313341,,5.482789387213978,4.62987363862811,1,-0.6452936256995152,-0.5793028092162955,-0.17824987608431953,0.6861077806360624,-0.7302542369996389,0.1511074638156116,1.478685240027995,Dependencia fiscal intermedia y operación corriente alta
13504,MARÍA PINTO,9,9,OK,0.2424576623927569,0.2038602290449772,0.3820450266704001,0.1826332795185535,0.6636205538301818,0.5365518095813641,574.4733333333334,139.5966666666667,5,0,5,79582540.44244581,93136906,,6.355192890569398,4.945895271177083,4,-1.382977657105056,1.6913915185069772,-1.4998496088182804,2.0892254865934987,0.47863690657498303,0.5475789213014146,1.8240110714919626,Alta transferencia y orientación a servicios comunitarios
13505,SAN PEDRO,9,9,OK,0.2164761983378557,0.5460365306613791,0.1374553778634865,0.1415526498337566,0.7851180303964066,0.263674861528836,308.4622222222222,67.85888888888888,5,0,5,58558368.66666666,91249990,,5.734836024003307,4.2320593219813105,1,0.41001009417968753,-0.31935221596662516,0.10809361401035689,-0.009549792611119686,-0.3809927475506959,-0.3479786925893111,0.2338358960452053,Dependencia fiscal intermedia y operación corriente alta
13601,TALAGANTE,9,9,OK,0.340777625846435,0.4497388951641714,0.06920078740484675,0.2527615827541027,0.7500021792880526,0.2512296880281928,170.1455555555555,58.10888888888889,2,0,2,83544714.37420577,140847900,,5.142514396514889,4.079381317313791,1,-0.0945849935237796,-0.8804654551540894,-0.3566427443020751,-0.10526921000776417,-1.2017739191810133,-0.539524032534276,1.1800945342435878,Dependencia fiscal intermedia y operación corriente alta
13602,EL MONTE,9,9,OK,0.3646541213631853,0.411135326665347,0.07211479936956544,0.2001214397675714,0.7597868598296268,0.07812501646727964,199.3844444444445,72.03888888888889,3,0,3,106231709.1630521,128253714,,5.300237743665213,4.290992023806394,1,-0.29686587956792265,-0.8565096936211688,-0.2271486082177607,-1.436667145889631,-0.9832163861454165,-0.2740434559483623,1.8027970744441757,Dependencia fiscal intermedia y operación corriente alta
13603,ISLA DE MAIPO,9,9,OK,0.3654988579103255,0.4098474615369201,0.0900322095657899,0.2490326058718093,0.6787439374023223,0.1797843070457917,197.4833333333333,72.94555555555556,4,0,4,21642922.375,0,,5.290705133545895,4.303329086682071,1,-0.30361423236052754,-0.7092126985692939,-1.299701072335661,-0.6547762331893435,-0.9964257415687615,-0.2585657392491565,1.9348085036040743,Dependencia fiscal intermedia y operación corriente alta
13604,PADRE HURTADO,9,9,OK,0.4120693210770576,0.3665759946995391,0.07255687354481609,0.2669627836281697,0.7786591284386968,0.2161856106773419,179.8933333333333,74.44,2,0,2,69588277.42406152,0,,5.197907538948998,4.323337638325202,1,-0.5303546864862059,-0.8528754520153045,0.022614080415654984,-0.3748033122887022,-1.1250155395484167,-0.2334635980819603,1.3046618118131788,Dependencia fiscal intermedia y operación corriente alta
13605,PEÑAFLOR,9,9,OK,0.3130815943457395,0.4890721404149088,0.05141464386205727,0.2092445221526637,0.8335973671750404,0.2337152401366117,159.8011111111111,50.24666666666667,2,0,2,0.0,0,,5.080168266615963,3.936650575252876,1,0.11151936443351748,-1.026683321950835,0.7496873591935495,-0.23997787824122677,-1.2881670663670106,-0.718589829000446,1.2229061126860885,Dependencia fiscal intermedia y operación corriente alta
14101,VALDIVIA,9,9,OK,0.3620803376588616,0.4738573606691099,0.07446450383241464,0.2206643420600563,0.8078719301105681,0.2699744539830886,229.7766666666666,82.42222222222222,2,0,2,90655185.68072866,133345814,,5.441450431891807,4.423914727376134,1,0.031794633077647766,-0.8371930399950439,0.4092272661020198,0.03890218915724948,-0.7875377036310641,-0.10728253647528962,0.7491467291406669,Dependencia fiscal intermedia y operación corriente alta
14102,CORRAL,9,9,OK,0.0853549359428196,0.7046441116518642,0.1425475153952462,0.06168009348757435,0.8627879791659555,0.1332129298746902,551.26,47.53444444444445,5,0,5,0.0,0,,6.314018949877343,3.8822737406053114,1,1.2411063700861635,-0.27749033143059276,1.136006878310709,-1.012970121763643,0.4215821010208447,-0.7868094085029462,1.8513135942272982,Dependencia fiscal intermedia y operación corriente alta
14103,LANCO,9,9,OK,0.1452459230815444,0.6455986934452187,0.1369227797095257,0.08606024196854961,0.8505368088617212,0.2095658217798752,264.5044444444445,38.61333333333333,3,0,3,30685011.0,123155921,,5.581631580445629,3.679165761926297,1,0.9317111515573127,-0.32373064492423925,0.9738702906287786,-0.425718017216001,-0.5932884275437427,-1.0416227125301174,1.1643233775128419,Dependencia fiscal intermedia y operación corriente alta
14104,LOS LAGOS,9,9,OK,0.2511531888228533,0.5247151024739015,0.127429604483967,0.170810347802666,0.6703318730519283,0.1374472138835504,250.2955555555556,62.09777777777778,4,0,4,19503854.40011004,0,,5.526629758581593,4.144685551459154,1,0.29828681176809174,-0.4017729606892907,-1.4110294903776743,-0.9804030226871152,-0.6695045535406756,-0.4575952585994919,1.951219562714473,Dependencia fiscal intermedia y operación corriente alta
14105,MÁFIL,9,9,OK,0.156857096809479,0.582466313512183,0.1868398550559334,0.1098913072301635,0.7860278179302735,0.2672406558332915,401.2977777777778,62.95444444444445,4,0,4,0.0,0,,5.997192555146745,4.158171024350262,1,0.6009004455129004,0.08663196439154344,0.12013408382618848,0.017875759420044046,-0.017444818480713338,-0.4406767804279248,0.7168881906044491,Dependencia fiscal intermedia y operación corriente alta
14106,MARIQUINA,9,9,OK,0.2035930091871058,0.5224486618392589,0.2095112892961159,0.1165003004688131,0.6595172761557626,0.1703688255364585,293.3344444444444,58.48777777777778,4,0,4,0.0,0,,5.684716686938162,4.085770875951398,1,0.2864107692784984,0.27301125138240284,-1.5541539261953587,-0.7271934160060937,-0.4504432053570318,-0.53150787995222,2.0741903980563343,Dependencia fiscal intermedia y operación corriente alta
14107,PAILLACO,9,9,OK,0.2251825846609228,0.5277346578178124,0.1485912380512977,0.1469617363138794,0.778081607040205,0.4024492531035666,262.0055555555556,59.28333333333333,4,0,4,10451241.5,0,,5.572175155740043,4.099055669729998,1,0.31410913996669376,-0.2278055736216262,0.014970945389412814,1.0578040623126763,-0.6063922126987712,-0.5148411679005266,1.1186119670133068,Dependencia fiscal intermedia y operación corriente alta
14108,PANGUIPULLI,9,9,OK,0.1866344380414661,0.3466247744746009,0.4164389354898433,0.1457609200419226,0.8494169555794013,0.6738282161966972,578.1022222222223,104.0644444444444,5,0,5,90818716.30285461,91576541,,6.361479011596549,4.654573918499721,4,-0.634898143521408,1.9741399381563576,0.9590497318257554,3.1450579073183222,0.48734759607580713,0.18209570940505582,2.4599024234573155,Alta transferencia y orientación a servicios comunitarios
14201,LA UNIÓN,9,9,OK,0.2802413497647869,0.519074179147288,0.1006315593422553,0.1884494358452619,0.8328806745030862,0.3322987833222261,240.5477777777778,67.89555555555556,4,0,4,66839736.69979939,0,,5.487067291114494,4.232591670214146,1,0.2687286384440583,-0.622076647405711,0.7402023792804767,0.5182565745075627,-0.7243263376749492,-0.3473108241334089,0.8024423871347476,Dependencia fiscal intermedia y operación corriente alta
14202,FUTRONO,9,9,OK,0.2243713479810953,0.4755680218836995,0.1862243976636422,0.1669588564789285,0.7372706245302941,0.2133121734599476,356.2544444444445,83.49111111111111,4,0,4,46037853.55555555,89687015,,5.8784482574448225,4.436646334878509,1,0.04075841750651675,0.08157235904266008,-0.5251369202091022,-0.3969037463534103,-0.18198901080654314,-0.09130983567664643,1.1580115860118074,Dependencia fiscal intermedia y operación corriente alta
14203,LAGO RANCO,9,9,OK,0.2345753317430762,0.43456957614114,0.1402167689858962,0.1967052687752396,0.625050163606561,0.2485195290076924,580.2722222222222,155.6566666666666,5,0,5,53966183.29182225,95201823,,6.365219187950918,5.054056574211552,2,-0.17407151282726097,-0.29665113305121693,-2.010304634837873,-0.1261138243862741,0.49253036534806877,0.6832749149957524,1.6578397753663496,Mayor holgura fiscal y capacidad propia
14204,RÍO BUENO,9,9,OK,0.2698195942282717,0.5230394310703204,0.1077648025227087,0.180150777308783,0.7887572599026773,0.3521616991220032,232.6277777777778,62.49111111111111,3,0,3,75089913.79177168,118642333,,5.453729155604573,4.150899913597994,1,0.2895063723057257,-0.5634350650593701,0.15625654369669012,0.6710279864975199,-0.7705230535366174,-0.44979890239862774,0.7733748837724792,Dependencia fiscal intermedia y operación corriente alta
15101,ARICA,9,9,OK,0.3622962719149408,0.4397515556873865,0.1390209557526486,0.1917912215149604,0.8075386123651804,0.2216206038041112,189.8077777777778,68.60111111111111,2,0,2,114953624.4525123,131790199,,5.25126652221783,4.242780531453049,1,-0.1469181833595645,-0.30648177788055453,0.4048160139106829,-0.33300121321613924,-1.0510758980227481,-0.3345281781071666,0.8822575186866685,Dependencia fiscal intermedia y operación corriente alta
15102,CAMARONES,9,9,OK,0.1560560648571769,0.5019795947292572,0.3101544281719489,0.07183514407836364,0.6803067206795325,0.179084417447741,2926.985555555555,465.3422222222222,5,0,5,47560536.68551005,0,,7.982069941857133,6.144919747049923,3,0.17915381888454074,1.1003870700217797,-1.2790186116759097,-0.6601592858694787,2.733003436996044,2.0518398090012107,2.3061115691620793,Alta disponibilidad por habitante y baja escala relativa
15201,PUTRE,9,9,OK,0.09063626225912903,0.6250262263262142,0.2714405510120213,0.04211616507631902,0.7536479388850457,0.3515594893326855,1488.102222222222,131.9033333333333,5,0,5,21634984.25,0,,7.3059286819207605,4.889622046919587,3,0.8239123899720214,0.7821246810931409,-0.3083933929433067,0.6663962173879076,1.7960732460939306,0.47698018709818707,1.7616900049791373,Alta disponibilidad por habitante y baja escala relativa
15202,GENERAL LAGOS,9,9,OK,0.05837614365542104,0.6026668564929072,0.3390535948648357,0.01030750573106733,0.6801296851458362,0.04779030814959351,3151.472222222222,176.3355555555555,5,0,5,87800763.5120995,92014860,,8.055942256451237,5.1780437319233386,3,0.7067503420797971,1.3379638384691772,-1.2813615663993492,-1.6699801332028243,2.8353684395719085,0.8388255611050702,2.192206847721969,Alta disponibilidad por habitante y baja escala relativa
16101,CHILLÁN,9,9,OK,0.406838897656483,0.4149016779709646,0.04614777315729965,0.2347531542188458,0.8308265391372129,0.3729820774457175,213.1233333333333,86.36555555555555,2,0,2,127150643.3044883,134742321,Homologación de código en alguna anualidad,5.366552172998502,4.4701011037881875,1,-0.27713037560079484,-1.0699816680645509,0.7130171805942452,0.8311635188001154,-0.8913243591144819,-0.049338465291374825,1.455630453751318,Dependencia fiscal intermedia y operación corriente alta
16102,BULNES,9,9,OK,0.2121980942102481,0.5922985317141102,0.08260862031175314,0.131972027975011,0.837594833987809,0.2988683596189146,253.5333333333334,54.24888888888889,4,0,4,63493808.15489252,88685723,Homologación de código en alguna anualidad,5.539431803183483,4.0118482295872955,1,0.6524208071531913,-0.770241183023449,0.8025913358993544,0.2611335476539344,-0.6517647367250077,-0.6242490607023747,0.7975018380096205,Dependencia fiscal intermedia y operación corriente alta
16103,CHILLÁN VIEJO,9,9,OK,0.2701814766648303,0.5303723441768358,0.06411351945526729,0.1760933130810963,0.8281489392901585,0.2329707095654322,206.4311111111111,55.79111111111111,2,0,2,29774118.29304577,0,Homologación de código en alguna anualidad,5.334799289903082,4.039379818957868,1,0.3279304926177071,-0.9222873074078637,0.6775808188754785,-0.24570427751590226,-0.9353243877816925,-0.5897087373814388,0.8603212154042044,Dependencia fiscal intermedia y operación corriente alta
16104,EL CARMEN,9,9,OK,0.1234375235920107,0.6057112889297828,0.1893030774823451,0.08533293298741092,0.820738312376943,0.2038606220039637,380.2877777777778,47.93333333333334,5,0,5,76620433.99601251,90979293,Homologación de código en alguna anualidad,5.943554412265794,3.8904588275123055,1,0.7227030250772635,0.10688183630837245,0.579505799880977,-0.4695983535289893,-0.09177129199574983,-0.7765406388953434,0.967121157048175,Dependencia fiscal intermedia y operación corriente alta
16105,PEMUCO,9,9,OK,0.2776253550473992,0.5201683238689125,0.07376437406797669,0.2494152584064085,0.8362357004889461,0.1448148305957534,425.35,118.8366666666667,5,0,5,77005391.41570741,0,Homologación de código en alguna anualidad,6.055260605188058,4.786129704517806,1,0.2744619054024605,-0.842948727302455,0.7846040528694497,-0.9237365584343347,0.06302018555652199,0.3471417342691855,1.499425439741528,Dependencia fiscal intermedia y operación corriente alta
16106,PINTO,9,9,OK,0.2172199260885679,0.4767191757373979,0.2316315445666138,0.1469521526948645,0.7334896852176568,0.1490352737525355,420.1311111111111,91.14,5,0,5,87999895.8103103,92310094,Homologación de código en alguna anualidad,6.04294421301617,4.523309159507771,1,0.04679040963973973,0.45485935863907073,-0.5751752906798486,-0.8912759133415235,0.045953338208797184,0.0174147984993878,1.6815693128908895,Dependencia fiscal intermedia y operación corriente alta
16107,QUILLÓN,9,9,OK,0.1267116668521432,0.7626668717321157,0.04647844493337009,0.06329227747452765,0.7941093675281395,0.3254460739330182,474.0433333333334,58.42888888888889,5,0,5,11083828.75,0,Homologación de código en alguna anualidad,6.16340602794379,4.084780453072024,1,1.5451429080584864,-1.0672632529347847,0.22708834553679375,0.4655504109261876,0.21287749732189495,-0.5327504354043436,1.5783340815409483,Dependencia fiscal intermedia y operación corriente alta
16108,SAN IGNACIO,8,8,REVISAR FALTANTES,0.09965395573077969,0.6613769970452301,0.1582047002215394,0.06387314560102461,0.7959255557532618,0.08213419624796174,329.05875,33.71625,5,0,5,0.0,0,Homologación de código en alguna anualidad,5.799270668918043,3.5472078770465405,1,1.0143887214452105,-0.1487743925405644,0.25112446242169706,-1.4058313883306492,-0.29170554125544046,-1.2071731988149872,1.7381548045621207,Dependencia fiscal intermedia y operación corriente alta
16109,YUNGAY,9,9,OK,0.1787437519684979,0.6504226611634636,0.1099309612480162,0.1402280635579777,0.8517679799614671,0.2161110136227276,333.5166666666667,56.65777777777778,3,0,3,42208055.625,0,Homologación de código en alguna anualidad,5.812686703937392,4.054525151366592,1,0.9569885158591294,-0.5456273201035491,0.9901640712234716,-0.3753770597424293,-0.2731149167859155,-0.5707078482152097,1.037401536580276,Dependencia fiscal intermedia y operación corriente alta
16201,QUIRIHUE,9,9,OK,0.1122955606181162,0.6568523389039761,0.1722651243224533,0.06518650148362932,0.8273718924021911,0.1392243021239634,356.0588888888889,39.84777777777778,3,0,3,0.0,0,Homologación de código en alguna anualidad,5.877900723046918,3.7098524202614986,1,0.9906797252707354,-0.033185242292947184,0.6672970886068399,-0.9667349246870378,-0.18274773023153812,-1.003124132362062,1.4065470820240213,Dependencia fiscal intermedia y operación corriente alta
16202,COBQUECURA,9,9,OK,0.09732809103641209,0.6942211632652842,0.1406004540261409,0.05986885704387527,0.7638148544277685,0.1810065196765538,711.6488888888889,71.71111111111111,5,0,5,0.0,0,Homologación de código en alguna anualidad,6.568988857173871,4.286494207952318,1,1.1864906100199926,-0.29349690189529276,-0.17384061533823733,-0.6453758434763902,0.7748943718030038,-0.2796862836015994,1.6831811387520395,Dependencia fiscal intermedia y operación corriente alta
16203,COELEMU,9,9,OK,0.1413927012986335,0.6933782306695683,0.0975283409342938,0.08320948883094871,0.8432489211312771,0.2134195804533154,322.4911111111111,46.33000000000001,5,0,5,43803130.625,91755754,Homologación de código en alguna anualidad,5.7791716363180425,3.857144343918157,1,1.1820736828039997,-0.6475878536278419,0.8774196480632425,-0.39607764820146724,-0.3195568077979349,-0.8183360114444429,1.1796489860070845,Dependencia fiscal intermedia y operación corriente alta
16204,NINHUE,9,9,OK,0.07153559544298957,0.6898791586951175,0.1866952070748967,0.04387585367551293,0.823444073457841,0.4467968156847257,587.0166666666667,41.40777777777778,5,0,5,48802180.44444445,0,Homologación de código en alguna anualidad,6.376755292168126,3.7473317835703273,1,1.163738709980291,0.08544282976138828,0.615314857941965,1.3988939517393186,0.5085159662379081,-0.9561036240606613,2.0335173373623316,Dependencia fiscal intermedia y operación corriente alta
16205,PORTEZUELO,9,9,OK,0.06038493198377259,0.6564839667187161,0.2218465229573395,0.03936846195138234,0.7231964361628271,0.1083389804787507,624.3311111111111,39.50555555555556,5,0,5,79561974.41200648,93534083,Homologación de código en alguna anualidad,6.438281287231476,3.70143913891622,1,0.9887494723193619,0.3744178068869388,-0.7114000134178484,-1.2042828378467005,0.5937726510696713,-1.0136791880090323,2.1871317568924296,Dependencia fiscal intermedia y operación corriente alta
16206,RÁNQUIL,9,9,OK,0.2116652761446912,0.5325479684997263,0.1748950217897416,0.1740275778589508,0.8005023018292172,0.2231704873698759,583.5566666666667,121.8988888888889,4,0,4,61319121.7203083,0,Homologación de código en alguna anualidad,6.370853725172101,4.811361975757231,1,0.33933066189860894,-0.011565153787760863,0.3116948383951334,-0.32108061187297876,0.5003381539672479,0.37879740060216,1.376082417273231,Dependencia fiscal intermedia y operación corriente alta
16207,TREHUACO,9,9,OK,0.08281998104623545,0.6904633564061531,0.15939323658861,0.04786968574012546,0.8421981404234372,0.08081379401486674,546.7166666666667,46.29444444444444,5,0,5,0.0,0,Homologación de código en alguna anualidad,6.305758121610903,3.8563928349938466,1,1.1667998785511922,-0.1390035700019221,0.8635132216451651,-1.4159869825836784,0.4101350560565812,-0.8192788324663196,1.9835478482593365,Dependencia fiscal intermedia y operación corriente alta
16301,SAN CARLOS,9,9,OK,0.1981892761505367,0.5569252575284721,0.06747762943589919,0.1199352255210363,0.8734258178616009,0.2303868675411813,259.12,49.90333333333334,3,0,3,104622458.9592653,127834626,Homologación de código en alguna anualidad,5.5611430630009515,3.9299284092969806,1,0.4670665116099908,-0.8946313411859419,1.2767920297363335,-0.2655773514584617,-0.6216794039538341,-0.7270232609541347,1.197618527623503,Dependencia fiscal intermedia y operación corriente alta
16302,COIHUECO,9,9,OK,0.1443127758330979,0.7200698728773224,0.0785438203465967,0.09411470426185693,0.7631670503476751,0.1272979799819498,282.5933333333334,40.69111111111111,5,0,5,79303889.63713948,93307306,Homologación de código en alguna anualidad,5.6475412870944135,3.7302879432792455,1,1.3219366344873957,-0.8036574420585116,-0.18241389776142625,-1.058463706697127,-0.5019572254831569,-0.9774863254499825,1.6239292712974012,Dependencia fiscal intermedia y operación corriente alta
16303,ÑIQUÉN,9,9,OK,0.1502491187253369,0.6600337612017877,0.09771747083523187,0.0680708289938065,0.8938088698284036,0.2396449325224525,351.1777777777778,52.63,5,0,5,9355381.555555556,0,Homologación de código en alguna anualidad,5.864136098608067,3.9821086129948338,1,1.007350228706228,-0.6460330381842291,1.5465489925710283,-0.1943709045429763,-0.2018213957025702,-0.661559510118065,1.4998555440758727,Dependencia fiscal intermedia y operación corriente alta
16304,SAN FABIÁN,9,9,OK,0.1785817546033008,0.5984171954242211,0.1840617804755304,0.1183332976382235,0.8172438551333421,0.05823692495781715,592.3277777777778,105.36,5,0,5,78644371.78555751,95294062,Homologación de código en alguna anualidad,6.385746991278305,4.666829566374819,3,0.6844823176512448,0.06379372866205246,0.5332588406756162,-1.5896321915210567,0.520975780278286,0.1974712852359919,1.7169704174429146,Alta disponibilidad por habitante y baja escala relativa
16305,SAN NICOLÁS,9,9,OK,0.2176369057022773,0.4107196511487091,0.1681267383047276,0.1485312781828814,0.6296249861933938,0.2214152526149335,452.1622222222222,101.5633333333333,5,0,5,95846767.60901926,101461716,Homologación de código en alguna anualidad,6.116250167829045,4.630480493944256,2,-0.29904399975427104,-0.06720644391192557,-1.9497597150416854,-0.3345806284158374,0.14753353499127356,0.15186880666968938,1.9456596213979769,Mayor holgura fiscal y capacidad propia
